R;Z;BFS_Sag;CRD;Slope;BFS_Slope;Slope_Delta;One_fiber_coverage;delta_z1
-590;-16.0515 ;-15.8447 ;-0.2069 ;-0.0569 ;-0.0537 ;0.0032 ;-17.4901 ;-1.4386 
-589;-15.9947 ;-15.7910 ;-0.2037 ;-0.0568 ;-0.0537 ;0.0031 ;-17.4336 ;-1.4389 
-588;-15.9379 ;-15.7373 ;-0.2006 ;-0.0567 ;-0.0536 ;0.0031 ;-17.3771 ;-1.4391 
-587;-15.8813 ;-15.6838 ;-0.1975 ;-0.0566 ;-0.0535 ;0.0031 ;-17.3206 ;-1.4392 
-586;-15.8248 ;-15.6304 ;-0.1944 ;-0.0565 ;-0.0534 ;0.0031 ;-17.2640 ;-1.4393 
-585;-15.7684 ;-15.5771 ;-0.1913 ;-0.0563 ;-0.0533 ;0.0031 ;-17.2075 ;-1.4391 
-584;-15.7121 ;-15.5238 ;-0.1883 ;-0.0562 ;-0.0532 ;0.0030 ;-17.1510 ;-1.4389 
-583;-15.6559 ;-15.4707 ;-0.1853 ;-0.0561 ;-0.0531 ;0.0030 ;-17.0945 ;-1.4386 
-582;-15.5999 ;-15.4176 ;-0.1823 ;-0.0560 ;-0.0530 ;0.0030 ;-16.9618 ;-1.3620 
-581;-15.5439 ;-15.3646 ;-0.1793 ;-0.0559 ;-0.0529 ;0.0030 ;-16.9062 ;-1.3623 
-580;-15.4881 ;-15.3117 ;-0.1763 ;-0.0558 ;-0.0528 ;0.0029 ;-16.8506 ;-1.3625 
-579;-15.4324 ;-15.2589 ;-0.1734 ;-0.0557 ;-0.0527 ;0.0029 ;-16.7950 ;-1.3627 
-578;-15.3768 ;-15.2062 ;-0.1705 ;-0.0556 ;-0.0527 ;0.0029 ;-16.7394 ;-1.3626 
-577;-15.3213 ;-15.1536 ;-0.1676 ;-0.0554 ;-0.0526 ;0.0029 ;-16.6838 ;-1.3625 
-576;-15.2659 ;-15.1011 ;-0.1647 ;-0.0553 ;-0.0525 ;0.0029 ;-16.6282 ;-1.3623 
-575;-15.2106 ;-15.0487 ;-0.1619 ;-0.0552 ;-0.0524 ;0.0028 ;-16.5726 ;-1.3620 
-574;-15.1554 ;-14.9964 ;-0.1591 ;-0.0551 ;-0.0523 ;0.0028 ;-16.4425 ;-1.2871 
-573;-15.1004 ;-14.9441 ;-0.1563 ;-0.0550 ;-0.0522 ;0.0028 ;-16.3878 ;-1.2874 
-572;-15.0454 ;-14.8920 ;-0.1535 ;-0.0549 ;-0.0521 ;0.0028 ;-16.3330 ;-1.2876 
-571;-14.9906 ;-14.8399 ;-0.1507 ;-0.0548 ;-0.0520 ;0.0028 ;-16.2783 ;-1.2877 
-570;-14.9359 ;-14.7879 ;-0.1479 ;-0.0547 ;-0.0519 ;0.0027 ;-16.2236 ;-1.2877 
-569;-14.8813 ;-14.7361 ;-0.1452 ;-0.0545 ;-0.0518 ;0.0027 ;-16.1689 ;-1.2876 
-568;-14.8268 ;-14.6843 ;-0.1425 ;-0.0544 ;-0.0517 ;0.0027 ;-16.1142 ;-1.2874 
-567;-14.7724 ;-14.6326 ;-0.1398 ;-0.0543 ;-0.0516 ;0.0027 ;-16.0595 ;-1.2871 
-566;-14.7182 ;-14.5810 ;-0.1372 ;-0.0542 ;-0.0516 ;0.0027 ;-15.9352 ;-1.2170 
-565;-14.6640 ;-14.5295 ;-0.1345 ;-0.0541 ;-0.0515 ;0.0026 ;-15.8813 ;-1.2174 
-564;-14.6099 ;-14.4781 ;-0.1319 ;-0.0540 ;-0.0514 ;0.0026 ;-15.8275 ;-1.2176 
-563;-14.5560 ;-14.4267 ;-0.1293 ;-0.0539 ;-0.0513 ;0.0026 ;-15.7737 ;-1.2177 
-562;-14.5022 ;-14.3755 ;-0.1267 ;-0.0538 ;-0.0512 ;0.0026 ;-15.7199 ;-1.2177 
-561;-14.4485 ;-14.3243 ;-0.1241 ;-0.0537 ;-0.0511 ;0.0026 ;-15.6661 ;-1.2176 
-560;-14.3949 ;-14.2733 ;-0.1216 ;-0.0535 ;-0.0510 ;0.0025 ;-15.6122 ;-1.2174 
-559;-14.3414 ;-14.2223 ;-0.1191 ;-0.0534 ;-0.0509 ;0.0025 ;-15.5584 ;-1.2170 
-558;-14.2880 ;-14.1715 ;-0.1166 ;-0.0533 ;-0.0508 ;0.0025 ;-15.4374 ;-1.1494 
-557;-14.2347 ;-14.1207 ;-0.1141 ;-0.0532 ;-0.0507 ;0.0025 ;-15.3845 ;-1.1497 
-556;-14.1816 ;-14.0700 ;-0.1116 ;-0.0531 ;-0.0506 ;0.0025 ;-15.3315 ;-1.1499 
-555;-14.1285 ;-14.0194 ;-0.1091 ;-0.0530 ;-0.0506 ;0.0024 ;-15.2786 ;-1.1501 
-554;-14.0756 ;-13.9689 ;-0.1067 ;-0.0529 ;-0.0505 ;0.0024 ;-15.2256 ;-1.1500 
-553;-14.0228 ;-13.9185 ;-0.1043 ;-0.0528 ;-0.0504 ;0.0024 ;-15.1727 ;-1.1499 
-552;-13.9700 ;-13.8681 ;-0.1019 ;-0.0527 ;-0.0503 ;0.0024 ;-15.1198 ;-1.1497 
-551;-13.9174 ;-13.8179 ;-0.0995 ;-0.0526 ;-0.0502 ;0.0024 ;-15.0668 ;-1.1494 
-550;-13.8649 ;-13.7678 ;-0.0972 ;-0.0524 ;-0.0501 ;0.0023 ;-14.9491 ;-1.0841 
-549;-13.8126 ;-13.7177 ;-0.0948 ;-0.0523 ;-0.0500 ;0.0023 ;-14.8970 ;-1.0845 
-548;-13.7603 ;-13.6678 ;-0.0925 ;-0.0522 ;-0.0499 ;0.0023 ;-14.8450 ;-1.0847 
-547;-13.7081 ;-13.6179 ;-0.0902 ;-0.0521 ;-0.0498 ;0.0023 ;-14.7929 ;-1.0848 
-546;-13.6561 ;-13.5681 ;-0.0879 ;-0.0520 ;-0.0497 ;0.0023 ;-14.7408 ;-1.0848 
-545;-13.6041 ;-13.5184 ;-0.0857 ;-0.0519 ;-0.0496 ;0.0023 ;-14.6888 ;-1.0847 
-544;-13.5523 ;-13.4688 ;-0.0834 ;-0.0518 ;-0.0495 ;0.0022 ;-14.6367 ;-1.0845 
-543;-13.5005 ;-13.4193 ;-0.0812 ;-0.0517 ;-0.0495 ;0.0022 ;-14.5847 ;-1.0841 
-542;-13.4489 ;-13.3699 ;-0.0790 ;-0.0516 ;-0.0494 ;0.0022 ;-14.4709 ;-1.0220 
-541;-13.3974 ;-13.3206 ;-0.0768 ;-0.0515 ;-0.0493 ;0.0022 ;-14.4197 ;-1.0223 
-540;-13.3460 ;-13.2714 ;-0.0746 ;-0.0513 ;-0.0492 ;0.0022 ;-14.3686 ;-1.0226 
-539;-13.2947 ;-13.2222 ;-0.0725 ;-0.0512 ;-0.0491 ;0.0021 ;-14.3174 ;-1.0227 
-538;-13.2435 ;-13.1732 ;-0.0704 ;-0.0511 ;-0.0490 ;0.0021 ;-14.2662 ;-1.0227 
-537;-13.1925 ;-13.1242 ;-0.0682 ;-0.0510 ;-0.0489 ;0.0021 ;-14.2150 ;-1.0226 
-536;-13.1415 ;-13.0754 ;-0.0661 ;-0.0509 ;-0.0488 ;0.0021 ;-14.1638 ;-1.0223 
-535;-13.0907 ;-13.0266 ;-0.0641 ;-0.0508 ;-0.0487 ;0.0021 ;-14.1127 ;-1.0220 
-534;-13.0399 ;-12.9779 ;-0.0620 ;-0.0507 ;-0.0486 ;0.0021 ;-14.0029 ;-0.9630 
-533;-12.9893 ;-12.9293 ;-0.0600 ;-0.0506 ;-0.0485 ;0.0020 ;-13.9526 ;-0.9633 
-532;-12.9387 ;-12.8808 ;-0.0579 ;-0.0505 ;-0.0485 ;0.0020 ;-13.9022 ;-0.9635 
-531;-12.8883 ;-12.8324 ;-0.0559 ;-0.0504 ;-0.0484 ;0.0020 ;-13.8519 ;-0.9636 
-530;-12.8380 ;-12.7841 ;-0.0539 ;-0.0503 ;-0.0483 ;0.0020 ;-13.8016 ;-0.9636 
-529;-12.7878 ;-12.7359 ;-0.0519 ;-0.0501 ;-0.0482 ;0.0020 ;-13.7513 ;-0.9635 
-528;-12.7377 ;-12.6877 ;-0.0500 ;-0.0500 ;-0.0481 ;0.0020 ;-13.7010 ;-0.9633 
-527;-12.6877 ;-12.6397 ;-0.0480 ;-0.0499 ;-0.0480 ;0.0019 ;-13.6507 ;-0.9630 
-526;-12.6379 ;-12.5918 ;-0.0461 ;-0.0498 ;-0.0479 ;0.0019 ;-13.5440 ;-0.9062 
-525;-12.5881 ;-12.5439 ;-0.0442 ;-0.0497 ;-0.0478 ;0.0019 ;-13.4946 ;-0.9065 
-524;-12.5384 ;-12.4961 ;-0.0423 ;-0.0496 ;-0.0477 ;0.0019 ;-13.4451 ;-0.9067 
-523;-12.4889 ;-12.4485 ;-0.0404 ;-0.0495 ;-0.0476 ;0.0019 ;-13.3957 ;-0.9068 
-522;-12.4394 ;-12.4009 ;-0.0386 ;-0.0494 ;-0.0475 ;0.0019 ;-13.3462 ;-0.9068 
-521;-12.3901 ;-12.3534 ;-0.0367 ;-0.0493 ;-0.0474 ;0.0018 ;-13.2968 ;-0.9067 
-520;-12.3409 ;-12.3060 ;-0.0349 ;-0.0492 ;-0.0474 ;0.0018 ;-13.2474 ;-0.9065 
-519;-12.2917 ;-12.2587 ;-0.0331 ;-0.0491 ;-0.0473 ;0.0018 ;-13.1979 ;-0.9062 
-518;-12.2427 ;-12.2114 ;-0.0313 ;-0.0490 ;-0.0472 ;0.0018 ;-13.0944 ;-0.8516 
-517;-12.1938 ;-12.1643 ;-0.0295 ;-0.0489 ;-0.0471 ;0.0018 ;-13.0458 ;-0.8519 
-516;-12.1450 ;-12.1173 ;-0.0278 ;-0.0487 ;-0.0470 ;0.0018 ;-12.9972 ;-0.8522 
-515;-12.0963 ;-12.0703 ;-0.0260 ;-0.0486 ;-0.0469 ;0.0017 ;-12.9486 ;-0.8523 
-514;-12.0478 ;-12.0235 ;-0.0243 ;-0.0485 ;-0.0468 ;0.0017 ;-12.9000 ;-0.8523 
-513;-11.9993 ;-11.9767 ;-0.0226 ;-0.0484 ;-0.0467 ;0.0017 ;-12.8514 ;-0.8522 
-512;-11.9509 ;-11.9300 ;-0.0209 ;-0.0483 ;-0.0466 ;0.0017 ;-12.8028 ;-0.8519 
-511;-11.9026 ;-11.8835 ;-0.0192 ;-0.0482 ;-0.0465 ;0.0017 ;-12.7543 ;-0.8516 
-510;-11.8545 ;-11.8370 ;-0.0175 ;-0.0481 ;-0.0464 ;0.0017 ;-12.6545 ;-0.8000 
-509;-11.8064 ;-11.7906 ;-0.0159 ;-0.0480 ;-0.0464 ;0.0016 ;-12.6068 ;-0.8003 
-508;-11.7585 ;-11.7443 ;-0.0142 ;-0.0479 ;-0.0463 ;0.0016 ;-12.5590 ;-0.8005 
-507;-11.7107 ;-11.6980 ;-0.0126 ;-0.0478 ;-0.0462 ;0.0016 ;-12.5113 ;-0.8007 
-506;-11.6629 ;-11.6519 ;-0.0110 ;-0.0477 ;-0.0461 ;0.0016 ;-12.4636 ;-0.8007 
-505;-11.6153 ;-11.6059 ;-0.0094 ;-0.0476 ;-0.0460 ;0.0016 ;-12.4159 ;-0.8006 
-504;-11.5678 ;-11.5599 ;-0.0079 ;-0.0475 ;-0.0459 ;0.0016 ;-12.3681 ;-0.8003 
-503;-11.5204 ;-11.5141 ;-0.0063 ;-0.0474 ;-0.0458 ;0.0015 ;-12.3204 ;-0.8000 
-502;-11.4731 ;-11.4683 ;-0.0048 ;-0.0472 ;-0.0457 ;0.0015 ;-12.2237 ;-0.7506 
-501;-11.4259 ;-11.4227 ;-0.0032 ;-0.0471 ;-0.0456 ;0.0015 ;-12.1768 ;-0.7509 
-500;-11.3788 ;-11.3771 ;-0.0017 ;-0.0470 ;-0.0455 ;0.0015 ;-12.1299 ;-0.7511 
-499;-11.3318 ;-11.3316 ;-0.0002 ;-0.0469 ;-0.0454 ;0.0015 ;-12.0830 ;-0.7512 
-498;-11.2850 ;-11.2862 ;0.0012 ;-0.0468 ;-0.0453 ;0.0015 ;-12.0362 ;-0.7512 
-497;-11.2382 ;-11.2409 ;0.0027 ;-0.0467 ;-0.0453 ;0.0015 ;-11.9893 ;-0.7511 
-496;-11.1915 ;-11.1957 ;0.0042 ;-0.0466 ;-0.0452 ;0.0014 ;-11.9424 ;-0.7509 
-495;-11.1450 ;-11.1506 ;0.0056 ;-0.0465 ;-0.0451 ;0.0014 ;-11.8955 ;-0.7506 
-494;-11.0985 ;-11.1055 ;0.0070 ;-0.0464 ;-0.0450 ;0.0014 ;-11.8018 ;-0.7033 
-493;-11.0522 ;-11.0606 ;0.0084 ;-0.0463 ;-0.0449 ;0.0014 ;-11.7558 ;-0.7036 
-492;-11.0059 ;-11.0157 ;0.0098 ;-0.0462 ;-0.0448 ;0.0014 ;-11.7097 ;-0.7038 
-491;-10.9598 ;-10.9710 ;0.0112 ;-0.0461 ;-0.0447 ;0.0014 ;-11.6637 ;-0.7039 
-490;-10.9138 ;-10.9263 ;0.0126 ;-0.0460 ;-0.0446 ;0.0014 ;-11.6177 ;-0.7039 
-489;-10.8678 ;-10.8817 ;0.0139 ;-0.0459 ;-0.0445 ;0.0013 ;-11.5716 ;-0.7038 
-488;-10.8220 ;-10.8373 ;0.0153 ;-0.0458 ;-0.0444 ;0.0013 ;-11.5256 ;-0.7036 
-487;-10.7763 ;-10.7929 ;0.0166 ;-0.0457 ;-0.0443 ;0.0013 ;-11.4796 ;-0.7033 
-486;-10.7307 ;-10.7486 ;0.0179 ;-0.0456 ;-0.0443 ;0.0013 ;-11.3895 ;-0.6588 
-485;-10.6852 ;-10.7044 ;0.0192 ;-0.0455 ;-0.0442 ;0.0013 ;-11.3443 ;-0.6591 
-484;-10.6398 ;-10.6602 ;0.0205 ;-0.0453 ;-0.0441 ;0.0013 ;-11.2991 ;-0.6593 
-483;-10.5945 ;-10.6162 ;0.0217 ;-0.0452 ;-0.0440 ;0.0013 ;-11.2539 ;-0.6594 
-482;-10.5493 ;-10.5723 ;0.0230 ;-0.0451 ;-0.0439 ;0.0012 ;-11.2087 ;-0.6594 
-481;-10.5042 ;-10.5284 ;0.0242 ;-0.0450 ;-0.0438 ;0.0012 ;-11.1635 ;-0.6593 
-480;-10.4593 ;-10.4847 ;0.0254 ;-0.0449 ;-0.0437 ;0.0012 ;-11.1184 ;-0.6591 
-479;-10.4144 ;-10.4410 ;0.0267 ;-0.0448 ;-0.0436 ;0.0012 ;-11.0732 ;-0.6588 
-478;-10.3696 ;-10.3975 ;0.0279 ;-0.0447 ;-0.0435 ;0.0012 ;-10.9853 ;-0.6157 
-477;-10.3249 ;-10.3540 ;0.0290 ;-0.0446 ;-0.0434 ;0.0012 ;-10.9409 ;-0.6160 
-476;-10.2804 ;-10.3106 ;0.0302 ;-0.0445 ;-0.0433 ;0.0012 ;-10.8966 ;-0.6162 
-475;-10.2359 ;-10.2673 ;0.0314 ;-0.0444 ;-0.0433 ;0.0012 ;-10.8522 ;-0.6163 
-474;-10.1916 ;-10.2241 ;0.0325 ;-0.0443 ;-0.0432 ;0.0011 ;-10.8079 ;-0.6163 
-473;-10.1473 ;-10.1810 ;0.0336 ;-0.0442 ;-0.0431 ;0.0011 ;-10.7635 ;-0.6162 
-472;-10.1032 ;-10.1380 ;0.0348 ;-0.0441 ;-0.0430 ;0.0011 ;-10.7192 ;-0.6160 
-471;-10.0592 ;-10.0950 ;0.0359 ;-0.0440 ;-0.0429 ;0.0011 ;-10.6748 ;-0.6157 
-470;-10.0152 ;-10.0522 ;0.0370 ;-0.0439 ;-0.0428 ;0.0011 ;-10.5904 ;-0.5752 
-469;-9.9714 ;-10.0094 ;0.0380 ;-0.0438 ;-0.0427 ;0.0011 ;-10.5469 ;-0.5755 
-468;-9.9277 ;-9.9668 ;0.0391 ;-0.0437 ;-0.0426 ;0.0011 ;-10.5033 ;-0.5757 
-467;-9.8840 ;-9.9242 ;0.0402 ;-0.0436 ;-0.0425 ;0.0010 ;-10.4598 ;-0.5758 
-466;-9.8405 ;-9.8817 ;0.0412 ;-0.0435 ;-0.0424 ;0.0010 ;-10.4163 ;-0.5758 
-465;-9.7971 ;-9.8393 ;0.0422 ;-0.0434 ;-0.0423 ;0.0010 ;-10.3728 ;-0.5757 
-464;-9.7538 ;-9.7971 ;0.0432 ;-0.0433 ;-0.0422 ;0.0010 ;-10.3293 ;-0.5755 
-463;-9.7106 ;-9.7548 ;0.0442 ;-0.0432 ;-0.0422 ;0.0010 ;-10.2858 ;-0.5752 
-462;-9.6675 ;-9.7127 ;0.0452 ;-0.0431 ;-0.0421 ;0.0010 ;-10.2042 ;-0.5367 
-461;-9.6245 ;-9.6707 ;0.0462 ;-0.0429 ;-0.0420 ;0.0010 ;-10.1615 ;-0.5370 
-460;-9.5816 ;-9.6288 ;0.0472 ;-0.0428 ;-0.0419 ;0.0010 ;-10.1188 ;-0.5372 
-459;-9.5388 ;-9.5870 ;0.0481 ;-0.0427 ;-0.0418 ;0.0009 ;-10.0761 ;-0.5373 
-458;-9.4961 ;-9.5452 ;0.0491 ;-0.0426 ;-0.0417 ;0.0009 ;-10.0334 ;-0.5373 
-457;-9.4535 ;-9.5036 ;0.0500 ;-0.0425 ;-0.0416 ;0.0009 ;-9.9908 ;-0.5372 
-456;-9.4111 ;-9.4620 ;0.0509 ;-0.0424 ;-0.0415 ;0.0009 ;-9.9481 ;-0.5370 
-455;-9.3687 ;-9.4205 ;0.0518 ;-0.0423 ;-0.0414 ;0.0009 ;-9.9054 ;-0.5367 
-454;-9.3264 ;-9.3791 ;0.0527 ;-0.0422 ;-0.0413 ;0.0009 ;-9.8265 ;-0.5001 
-453;-9.2842 ;-9.3378 ;0.0536 ;-0.0421 ;-0.0412 ;0.0009 ;-9.7847 ;-0.5004 
-452;-9.2422 ;-9.2966 ;0.0545 ;-0.0420 ;-0.0412 ;0.0009 ;-9.7428 ;-0.5006 
-451;-9.2002 ;-9.2555 ;0.0553 ;-0.0419 ;-0.0411 ;0.0009 ;-9.7009 ;-0.5007 
-450;-9.1583 ;-9.2145 ;0.0562 ;-0.0418 ;-0.0410 ;0.0008 ;-9.6591 ;-0.5007 
-449;-9.1166 ;-9.1736 ;0.0570 ;-0.0417 ;-0.0409 ;0.0008 ;-9.6172 ;-0.5006 
-448;-9.0749 ;-9.1328 ;0.0578 ;-0.0416 ;-0.0408 ;0.0008 ;-9.5754 ;-0.5004 
-447;-9.0334 ;-9.0920 ;0.0587 ;-0.0415 ;-0.0407 ;0.0008 ;-9.5335 ;-0.5001 
-446;-8.9919 ;-9.0514 ;0.0595 ;-0.0414 ;-0.0406 ;0.0008 ;-9.4574 ;-0.4655 
-445;-8.9506 ;-9.0108 ;0.0603 ;-0.0413 ;-0.0405 ;0.0008 ;-9.4164 ;-0.4658 
-444;-8.9093 ;-8.9703 ;0.0610 ;-0.0412 ;-0.0404 ;0.0008 ;-9.3753 ;-0.4660 
-443;-8.8682 ;-8.9300 ;0.0618 ;-0.0411 ;-0.0403 ;0.0008 ;-9.3343 ;-0.4661 
-442;-8.8271 ;-8.8897 ;0.0626 ;-0.0410 ;-0.0402 ;0.0008 ;-9.2932 ;-0.4661 
-441;-8.7862 ;-8.8495 ;0.0633 ;-0.0409 ;-0.0401 ;0.0007 ;-9.2522 ;-0.4660 
-440;-8.7453 ;-8.8094 ;0.0640 ;-0.0408 ;-0.0401 ;0.0007 ;-9.2111 ;-0.4658 
-439;-8.7046 ;-8.7694 ;0.0648 ;-0.0407 ;-0.0400 ;0.0007 ;-9.1701 ;-0.4655 
-438;-8.6640 ;-8.7294 ;0.0655 ;-0.0406 ;-0.0399 ;0.0007 ;-9.0967 ;-0.4327 
-437;-8.6234 ;-8.6896 ;0.0662 ;-0.0405 ;-0.0398 ;0.0007 ;-9.0564 ;-0.4330 
-436;-8.5830 ;-8.6499 ;0.0669 ;-0.0404 ;-0.0397 ;0.0007 ;-9.0162 ;-0.4332 
-435;-8.5427 ;-8.6102 ;0.0675 ;-0.0403 ;-0.0396 ;0.0007 ;-8.9760 ;-0.4333 
-434;-8.5025 ;-8.5707 ;0.0682 ;-0.0402 ;-0.0395 ;0.0007 ;-8.9358 ;-0.4333 
-433;-8.4623 ;-8.5312 ;0.0689 ;-0.0401 ;-0.0394 ;0.0007 ;-8.8955 ;-0.4332 
-432;-8.4223 ;-8.4918 ;0.0695 ;-0.0400 ;-0.0393 ;0.0006 ;-8.8553 ;-0.4330 
-431;-8.3824 ;-8.4525 ;0.0702 ;-0.0399 ;-0.0392 ;0.0006 ;-8.8151 ;-0.4327 
-430;-8.3426 ;-8.4133 ;0.0708 ;-0.0398 ;-0.0391 ;0.0006 ;-8.7442 ;-0.4016 
-429;-8.3028 ;-8.3742 ;0.0714 ;-0.0397 ;-0.0391 ;0.0006 ;-8.7048 ;-0.4019 
-428;-8.2632 ;-8.3352 ;0.0720 ;-0.0396 ;-0.0390 ;0.0006 ;-8.6654 ;-0.4021 
-427;-8.2237 ;-8.2963 ;0.0726 ;-0.0395 ;-0.0389 ;0.0006 ;-8.6259 ;-0.4022 
-426;-8.1843 ;-8.2575 ;0.0732 ;-0.0394 ;-0.0388 ;0.0006 ;-8.5865 ;-0.4022 
-425;-8.1450 ;-8.2188 ;0.0738 ;-0.0393 ;-0.0387 ;0.0006 ;-8.5471 ;-0.4021 
-424;-8.1058 ;-8.1801 ;0.0743 ;-0.0392 ;-0.0386 ;0.0006 ;-8.5077 ;-0.4019 
-423;-8.0667 ;-8.1416 ;0.0749 ;-0.0391 ;-0.0385 ;0.0006 ;-8.4683 ;-0.4016 
-422;-8.0276 ;-8.1031 ;0.0754 ;-0.0390 ;-0.0384 ;0.0005 ;-8.3999 ;-0.3722 
-421;-7.9887 ;-8.0647 ;0.0760 ;-0.0389 ;-0.0383 ;0.0005 ;-8.3613 ;-0.3725 
-420;-7.9499 ;-8.0264 ;0.0765 ;-0.0388 ;-0.0382 ;0.0005 ;-8.3226 ;-0.3727 
-419;-7.9112 ;-7.9883 ;0.0770 ;-0.0387 ;-0.0381 ;0.0005 ;-8.2840 ;-0.3728 
-418;-7.8726 ;-7.9502 ;0.0775 ;-0.0386 ;-0.0381 ;0.0005 ;-8.2454 ;-0.3728 
-417;-7.8341 ;-7.9121 ;0.0780 ;-0.0385 ;-0.0380 ;0.0005 ;-8.2068 ;-0.3727 
-416;-7.7957 ;-7.8742 ;0.0785 ;-0.0384 ;-0.0379 ;0.0005 ;-8.1682 ;-0.3725 
-415;-7.7574 ;-7.8364 ;0.0790 ;-0.0383 ;-0.0378 ;0.0005 ;-8.1296 ;-0.3722 
-414;-7.7192 ;-7.7987 ;0.0795 ;-0.0382 ;-0.0377 ;0.0005 ;-8.0638 ;-0.3446 
-413;-7.6811 ;-7.7610 ;0.0799 ;-0.0381 ;-0.0376 ;0.0005 ;-8.0260 ;-0.3449 
-412;-7.6431 ;-7.7235 ;0.0804 ;-0.0380 ;-0.0375 ;0.0004 ;-7.9882 ;-0.3451 
-411;-7.6052 ;-7.6860 ;0.0808 ;-0.0379 ;-0.0374 ;0.0004 ;-7.9504 ;-0.3452 
-410;-7.5674 ;-7.6486 ;0.0813 ;-0.0378 ;-0.0373 ;0.0004 ;-7.9126 ;-0.3452 
-409;-7.5297 ;-7.6114 ;0.0817 ;-0.0377 ;-0.0372 ;0.0004 ;-7.8748 ;-0.3451 
-408;-7.4921 ;-7.5742 ;0.0821 ;-0.0376 ;-0.0371 ;0.0004 ;-7.8370 ;-0.3449 
-407;-7.4546 ;-7.5371 ;0.0825 ;-0.0375 ;-0.0370 ;0.0004 ;-7.7992 ;-0.3446 
-406;-7.4172 ;-7.5001 ;0.0829 ;-0.0374 ;-0.0370 ;0.0004 ;-7.7356 ;-0.3184 
-405;-7.3799 ;-7.4632 ;0.0833 ;-0.0373 ;-0.0369 ;0.0004 ;-7.6986 ;-0.3187 
-404;-7.3427 ;-7.4263 ;0.0837 ;-0.0372 ;-0.0368 ;0.0004 ;-7.6616 ;-0.3189 
-403;-7.3056 ;-7.3896 ;0.0840 ;-0.0371 ;-0.0367 ;0.0004 ;-7.6246 ;-0.3190 
-402;-7.2686 ;-7.3530 ;0.0844 ;-0.0370 ;-0.0366 ;0.0004 ;-7.5876 ;-0.3190 
-401;-7.2317 ;-7.3164 ;0.0848 ;-0.0369 ;-0.0365 ;0.0003 ;-7.5506 ;-0.3189 
-400;-7.1949 ;-7.2800 ;0.0851 ;-0.0368 ;-0.0364 ;0.0003 ;-7.5136 ;-0.3187 
-399;-7.1582 ;-7.2436 ;0.0854 ;-0.0367 ;-0.0363 ;0.0003 ;-7.4766 ;-0.3184 
-398;-7.1216 ;-7.2073 ;0.0858 ;-0.0366 ;-0.0362 ;0.0003 ;-7.4153 ;-0.2938 
-397;-7.0851 ;-7.1711 ;0.0861 ;-0.0365 ;-0.0361 ;0.0003 ;-7.3791 ;-0.2941 
-396;-7.0486 ;-7.1351 ;0.0864 ;-0.0364 ;-0.0360 ;0.0003 ;-7.3429 ;-0.2943 
-395;-7.0123 ;-7.0991 ;0.0867 ;-0.0363 ;-0.0360 ;0.0003 ;-7.3067 ;-0.2944 
-394;-6.9761 ;-7.0631 ;0.0870 ;-0.0362 ;-0.0359 ;0.0003 ;-7.2705 ;-0.2944 
-393;-6.9400 ;-7.0273 ;0.0873 ;-0.0361 ;-0.0358 ;0.0003 ;-7.2343 ;-0.2943 
-392;-6.9040 ;-6.9916 ;0.0876 ;-0.0360 ;-0.0357 ;0.0003 ;-7.1981 ;-0.2941 
-391;-6.8681 ;-6.9560 ;0.0878 ;-0.0359 ;-0.0356 ;0.0003 ;-7.1619 ;-0.2938 
-390;-6.8323 ;-6.9204 ;0.0881 ;-0.0358 ;-0.0355 ;0.0003 ;-7.1029 ;-0.2706 
-389;-6.7966 ;-6.8850 ;0.0884 ;-0.0357 ;-0.0354 ;0.0003 ;-7.0675 ;-0.2709 
-388;-6.7610 ;-6.8496 ;0.0886 ;-0.0356 ;-0.0353 ;0.0002 ;-7.0321 ;-0.2711 
-387;-6.7255 ;-6.8143 ;0.0888 ;-0.0355 ;-0.0352 ;0.0002 ;-6.9966 ;-0.2712 
-386;-6.6901 ;-6.7791 ;0.0891 ;-0.0354 ;-0.0351 ;0.0002 ;-6.9612 ;-0.2712 
-385;-6.6548 ;-6.7440 ;0.0893 ;-0.0353 ;-0.0350 ;0.0002 ;-6.9258 ;-0.2711 
-384;-6.6195 ;-6.7090 ;0.0895 ;-0.0352 ;-0.0350 ;0.0002 ;-6.8904 ;-0.2709 
-383;-6.5844 ;-6.6741 ;0.0897 ;-0.0351 ;-0.0349 ;0.0002 ;-6.8550 ;-0.2706 
-382;-6.5494 ;-6.6393 ;0.0899 ;-0.0350 ;-0.0348 ;0.0002 ;-6.7982 ;-0.2488 
-381;-6.5145 ;-6.6046 ;0.0901 ;-0.0349 ;-0.0347 ;0.0002 ;-6.7635 ;-0.2491 
-380;-6.4797 ;-6.5700 ;0.0903 ;-0.0348 ;-0.0346 ;0.0002 ;-6.7289 ;-0.2493 
-379;-6.4449 ;-6.5354 ;0.0905 ;-0.0347 ;-0.0345 ;0.0002 ;-6.6943 ;-0.2494 
-378;-6.4103 ;-6.5010 ;0.0906 ;-0.0346 ;-0.0344 ;0.0002 ;-6.6597 ;-0.2494 
-377;-6.3758 ;-6.4666 ;0.0908 ;-0.0345 ;-0.0343 ;0.0002 ;-6.6250 ;-0.2493 
-376;-6.3414 ;-6.4323 ;0.0910 ;-0.0344 ;-0.0342 ;0.0002 ;-6.5904 ;-0.2491 
-375;-6.3070 ;-6.3982 ;0.0911 ;-0.0343 ;-0.0341 ;0.0001 ;-6.5558 ;-0.2488 
-374;-6.2728 ;-6.3641 ;0.0913 ;-0.0342 ;-0.0340 ;0.0001 ;-6.5012 ;-0.2284 
-373;-6.2387 ;-6.3301 ;0.0914 ;-0.0341 ;-0.0340 ;0.0001 ;-6.4674 ;-0.2287 
-372;-6.2046 ;-6.2962 ;0.0915 ;-0.0340 ;-0.0339 ;0.0001 ;-6.4335 ;-0.2289 
-371;-6.1707 ;-6.2624 ;0.0916 ;-0.0339 ;-0.0338 ;0.0001 ;-6.3997 ;-0.2290 
-370;-6.1369 ;-6.2286 ;0.0918 ;-0.0338 ;-0.0337 ;0.0001 ;-6.3659 ;-0.2290 
-369;-6.1031 ;-6.1950 ;0.0919 ;-0.0337 ;-0.0336 ;0.0001 ;-6.3320 ;-0.2289 
-368;-6.0695 ;-6.1615 ;0.0920 ;-0.0336 ;-0.0335 ;0.0001 ;-6.2982 ;-0.2287 
-367;-6.0359 ;-6.1280 ;0.0921 ;-0.0335 ;-0.0334 ;0.0001 ;-6.2644 ;-0.2284 
-366;-6.0025 ;-6.0946 ;0.0921 ;-0.0334 ;-0.0333 ;0.0001 ;-6.2117 ;-0.2092 
-365;-5.9692 ;-6.0614 ;0.0922 ;-0.0333 ;-0.0332 ;0.0001 ;-6.1787 ;-0.2095 
-364;-5.9359 ;-6.0282 ;0.0923 ;-0.0332 ;-0.0331 ;0.0001 ;-6.1456 ;-0.2097 
-363;-5.9028 ;-5.9951 ;0.0924 ;-0.0331 ;-0.0330 ;0.0001 ;-6.1125 ;-0.2098 
-362;-5.8697 ;-5.9621 ;0.0924 ;-0.0330 ;-0.0329 ;0.0001 ;-6.0795 ;-0.2098 
-361;-5.8367 ;-5.9292 ;0.0925 ;-0.0329 ;-0.0329 ;0.0001 ;-6.0464 ;-0.2097 
-360;-5.8039 ;-5.8964 ;0.0925 ;-0.0328 ;-0.0328 ;0.0000 ;-6.0134 ;-0.2095 
-359;-5.7711 ;-5.8637 ;0.0926 ;-0.0327 ;-0.0327 ;0.0000 ;-5.9803 ;-0.2092 
-358;-5.7385 ;-5.8311 ;0.0926 ;-0.0326 ;-0.0326 ;0.0000 ;-5.9297 ;-0.1913 
-357;-5.7059 ;-5.7985 ;0.0926 ;-0.0325 ;-0.0325 ;0.0000 ;-5.8974 ;-0.1916 
-356;-5.6734 ;-5.7661 ;0.0927 ;-0.0324 ;-0.0324 ;0.0000 ;-5.8652 ;-0.1917 
-355;-5.6410 ;-5.7337 ;0.0927 ;-0.0323 ;-0.0323 ;0.0000 ;-5.8329 ;-0.1918 
-354;-5.6088 ;-5.7014 ;0.0927 ;-0.0322 ;-0.0322 ;0.0000 ;-5.8006 ;-0.1918 
-353;-5.5766 ;-5.6693 ;0.0927 ;-0.0321 ;-0.0321 ;0.0000 ;-5.7683 ;-0.1917 
-352;-5.5445 ;-5.6372 ;0.0927 ;-0.0320 ;-0.0320 ;0.0000 ;-5.7361 ;-0.1916 
-351;-5.5125 ;-5.6052 ;0.0927 ;-0.0319 ;-0.0319 ;0.0000 ;-5.7038 ;-0.1913 
-350;-5.4806 ;-5.5733 ;0.0927 ;-0.0318 ;-0.0319 ;0.0000 ;-5.6551 ;-0.1745 
-349;-5.4488 ;-5.5415 ;0.0926 ;-0.0317 ;-0.0318 ;0.0000 ;-5.6236 ;-0.1748 
-348;-5.4171 ;-5.5098 ;0.0926 ;-0.0316 ;-0.0317 ;0.0000 ;-5.5921 ;-0.1750 
-347;-5.3855 ;-5.4781 ;0.0926 ;-0.0315 ;-0.0316 ;0.0000 ;-5.5606 ;-0.1751 
-346;-5.3540 ;-5.4466 ;0.0926 ;-0.0315 ;-0.0315 ;0.0000 ;-5.5291 ;-0.1751 
-345;-5.3226 ;-5.4152 ;0.0925 ;-0.0314 ;-0.0314 ;0.0000 ;-5.4976 ;-0.1750 
-344;-5.2913 ;-5.3838 ;0.0925 ;-0.0313 ;-0.0313 ;0.0001 ;-5.4661 ;-0.1748 
-343;-5.2601 ;-5.3525 ;0.0924 ;-0.0312 ;-0.0312 ;0.0001 ;-5.4346 ;-0.1745 
-342;-5.2290 ;-5.3214 ;0.0924 ;-0.0311 ;-0.0311 ;0.0001 ;-5.3879 ;-0.1589 
-341;-5.1980 ;-5.2903 ;0.0923 ;-0.0310 ;-0.0310 ;0.0001 ;-5.3572 ;-0.1592 
-340;-5.1671 ;-5.2593 ;0.0922 ;-0.0309 ;-0.0309 ;0.0001 ;-5.3264 ;-0.1594 
-339;-5.1363 ;-5.2284 ;0.0921 ;-0.0308 ;-0.0309 ;0.0001 ;-5.2957 ;-0.1595 
-338;-5.1055 ;-5.1976 ;0.0921 ;-0.0307 ;-0.0308 ;0.0001 ;-5.2650 ;-0.1595 
-337;-5.0749 ;-5.1669 ;0.0920 ;-0.0306 ;-0.0307 ;0.0001 ;-5.2343 ;-0.1594 
-336;-5.0444 ;-5.1362 ;0.0919 ;-0.0305 ;-0.0306 ;0.0001 ;-5.2035 ;-0.1592 
-335;-5.0139 ;-5.1057 ;0.0918 ;-0.0304 ;-0.0305 ;0.0001 ;-5.1728 ;-0.1589 
-334;-4.9836 ;-5.0753 ;0.0917 ;-0.0303 ;-0.0304 ;0.0001 ;-5.1279 ;-0.1443 
-333;-4.9533 ;-5.0449 ;0.0916 ;-0.0302 ;-0.0303 ;0.0001 ;-5.0979 ;-0.1446 
-332;-4.9232 ;-5.0147 ;0.0915 ;-0.0301 ;-0.0302 ;0.0001 ;-5.0680 ;-0.1448 
-331;-4.8931 ;-4.9845 ;0.0914 ;-0.0300 ;-0.0301 ;0.0001 ;-5.0380 ;-0.1449 
-330;-4.8632 ;-4.9544 ;0.0912 ;-0.0299 ;-0.0300 ;0.0001 ;-5.0080 ;-0.1449 
-329;-4.8333 ;-4.9244 ;0.0911 ;-0.0298 ;-0.0299 ;0.0001 ;-4.9781 ;-0.1448 
-328;-4.8035 ;-4.8945 ;0.0910 ;-0.0297 ;-0.0299 ;0.0001 ;-4.9481 ;-0.1446 
-327;-4.7739 ;-4.8647 ;0.0909 ;-0.0296 ;-0.0298 ;0.0001 ;-4.9182 ;-0.1443 
-326;-4.7443 ;-4.8350 ;0.0907 ;-0.0295 ;-0.0297 ;0.0001 ;-4.8750 ;-0.1308 
-325;-4.7148 ;-4.8054 ;0.0906 ;-0.0294 ;-0.0296 ;0.0001 ;-4.8459 ;-0.1310 
-324;-4.6854 ;-4.7758 ;0.0904 ;-0.0293 ;-0.0295 ;0.0002 ;-4.8167 ;-0.1312 
-323;-4.6561 ;-4.7464 ;0.0903 ;-0.0292 ;-0.0294 ;0.0002 ;-4.7875 ;-0.1313 
-322;-4.6269 ;-4.7171 ;0.0901 ;-0.0291 ;-0.0293 ;0.0002 ;-4.7583 ;-0.1313 
-321;-4.5978 ;-4.6878 ;0.0899 ;-0.0290 ;-0.0292 ;0.0002 ;-4.7291 ;-0.1312 
-320;-4.5688 ;-4.6586 ;0.0898 ;-0.0290 ;-0.0291 ;0.0002 ;-4.6999 ;-0.1310 
-319;-4.5399 ;-4.6295 ;0.0896 ;-0.0289 ;-0.0290 ;0.0002 ;-4.6707 ;-0.1308 
-318;-4.5111 ;-4.6006 ;0.0894 ;-0.0288 ;-0.0289 ;0.0002 ;-4.6293 ;-0.1182 
-317;-4.4824 ;-4.5717 ;0.0893 ;-0.0287 ;-0.0288 ;0.0002 ;-4.6009 ;-0.1185 
-316;-4.4538 ;-4.5429 ;0.0891 ;-0.0286 ;-0.0288 ;0.0002 ;-4.5725 ;-0.1187 
-315;-4.4253 ;-4.5142 ;0.0889 ;-0.0285 ;-0.0287 ;0.0002 ;-4.5440 ;-0.1188 
-314;-4.3968 ;-4.4855 ;0.0887 ;-0.0284 ;-0.0286 ;0.0002 ;-4.5156 ;-0.1188 
-313;-4.3685 ;-4.4570 ;0.0885 ;-0.0283 ;-0.0285 ;0.0002 ;-4.4872 ;-0.1187 
-312;-4.3403 ;-4.4286 ;0.0883 ;-0.0282 ;-0.0284 ;0.0002 ;-4.4587 ;-0.1185 
-311;-4.3121 ;-4.4002 ;0.0881 ;-0.0281 ;-0.0283 ;0.0002 ;-4.4303 ;-0.1182 
-310;-4.2841 ;-4.3720 ;0.0879 ;-0.0280 ;-0.0282 ;0.0002 ;-4.3906 ;-0.1066 
-309;-4.2561 ;-4.3438 ;0.0877 ;-0.0279 ;-0.0281 ;0.0002 ;-4.3630 ;-0.1068 
-308;-4.2283 ;-4.3157 ;0.0875 ;-0.0278 ;-0.0280 ;0.0002 ;-4.3353 ;-0.1070 
-307;-4.2005 ;-4.2877 ;0.0872 ;-0.0277 ;-0.0279 ;0.0002 ;-4.3076 ;-0.1071 
-306;-4.1728 ;-4.2598 ;0.0870 ;-0.0276 ;-0.0278 ;0.0002 ;-4.2800 ;-0.1071 
-305;-4.1452 ;-4.2320 ;0.0868 ;-0.0275 ;-0.0278 ;0.0002 ;-4.2523 ;-0.1070 
-304;-4.1178 ;-4.2043 ;0.0866 ;-0.0274 ;-0.0277 ;0.0002 ;-4.2246 ;-0.1068 
-303;-4.0904 ;-4.1767 ;0.0863 ;-0.0273 ;-0.0276 ;0.0002 ;-4.1969 ;-0.1066 
-302;-4.0631 ;-4.1492 ;0.0861 ;-0.0272 ;-0.0275 ;0.0002 ;-4.1589 ;-0.0958 
-301;-4.0359 ;-4.1217 ;0.0858 ;-0.0271 ;-0.0274 ;0.0002 ;-4.1319 ;-0.0960 
-300;-4.0088 ;-4.0944 ;0.0856 ;-0.0271 ;-0.0273 ;0.0002 ;-4.1050 ;-0.0962 
-299;-3.9818 ;-4.0671 ;0.0853 ;-0.0270 ;-0.0272 ;0.0003 ;-4.0781 ;-0.0963 
-298;-3.9549 ;-4.0400 ;0.0851 ;-0.0269 ;-0.0271 ;0.0003 ;-4.0512 ;-0.0963 
-297;-3.9281 ;-4.0129 ;0.0848 ;-0.0268 ;-0.0270 ;0.0003 ;-4.0243 ;-0.0962 
-296;-3.9013 ;-3.9859 ;0.0846 ;-0.0267 ;-0.0269 ;0.0003 ;-3.9974 ;-0.0960 
-295;-3.8747 ;-3.9590 ;0.0843 ;-0.0266 ;-0.0268 ;0.0003 ;-3.9705 ;-0.0958 
-294;-3.8482 ;-3.9322 ;0.0840 ;-0.0265 ;-0.0268 ;0.0003 ;-3.9340 ;-0.0858 
-293;-3.8217 ;-3.9055 ;0.0838 ;-0.0264 ;-0.0267 ;0.0003 ;-3.9078 ;-0.0861 
-292;-3.7954 ;-3.8789 ;0.0835 ;-0.0263 ;-0.0266 ;0.0003 ;-3.8817 ;-0.0863 
-291;-3.7691 ;-3.8524 ;0.0832 ;-0.0262 ;-0.0265 ;0.0003 ;-3.8555 ;-0.0864 
-290;-3.7430 ;-3.8259 ;0.0830 ;-0.0261 ;-0.0264 ;0.0003 ;-3.8294 ;-0.0864 
-289;-3.7169 ;-3.7996 ;0.0827 ;-0.0260 ;-0.0263 ;0.0003 ;-3.8032 ;-0.0863 
-288;-3.6909 ;-3.7733 ;0.0824 ;-0.0259 ;-0.0262 ;0.0003 ;-3.7770 ;-0.0861 
-287;-3.6651 ;-3.7472 ;0.0821 ;-0.0258 ;-0.0261 ;0.0003 ;-3.7509 ;-0.0858 
-286;-3.6393 ;-3.7211 ;0.0818 ;-0.0257 ;-0.0260 ;0.0003 ;-3.7159 ;-0.0767 
-285;-3.6136 ;-3.6951 ;0.0815 ;-0.0256 ;-0.0259 ;0.0003 ;-3.6905 ;-0.0769 
-284;-3.5880 ;-3.6692 ;0.0812 ;-0.0255 ;-0.0258 ;0.0003 ;-3.6651 ;-0.0771 
-283;-3.5625 ;-3.6434 ;0.0809 ;-0.0255 ;-0.0258 ;0.0003 ;-3.6397 ;-0.0772 
-282;-3.5371 ;-3.6177 ;0.0806 ;-0.0254 ;-0.0257 ;0.0003 ;-3.6143 ;-0.0772 
-281;-3.5118 ;-3.5921 ;0.0803 ;-0.0253 ;-0.0256 ;0.0003 ;-3.5889 ;-0.0771 
-280;-3.4866 ;-3.5666 ;0.0800 ;-0.0252 ;-0.0255 ;0.0003 ;-3.5635 ;-0.0769 
-279;-3.4615 ;-3.5411 ;0.0797 ;-0.0251 ;-0.0254 ;0.0003 ;-3.5381 ;-0.0767 
-278;-3.4364 ;-3.5158 ;0.0794 ;-0.0250 ;-0.0253 ;0.0003 ;-3.5047 ;-0.0683 
-277;-3.4115 ;-3.4906 ;0.0791 ;-0.0249 ;-0.0252 ;0.0003 ;-3.4800 ;-0.0685 
-276;-3.3866 ;-3.4654 ;0.0788 ;-0.0248 ;-0.0251 ;0.0003 ;-3.4554 ;-0.0687 
-275;-3.3619 ;-3.4403 ;0.0784 ;-0.0247 ;-0.0250 ;0.0003 ;-3.4307 ;-0.0688 
-274;-3.3372 ;-3.4153 ;0.0781 ;-0.0246 ;-0.0249 ;0.0003 ;-3.4061 ;-0.0688 
-273;-3.3127 ;-3.3905 ;0.0778 ;-0.0245 ;-0.0248 ;0.0003 ;-3.3814 ;-0.0687 
-272;-3.2882 ;-3.3657 ;0.0775 ;-0.0244 ;-0.0248 ;0.0003 ;-3.3568 ;-0.0685 
-271;-3.2638 ;-3.3410 ;0.0771 ;-0.0243 ;-0.0247 ;0.0003 ;-3.3321 ;-0.0683 
-270;-3.2395 ;-3.3163 ;0.0768 ;-0.0242 ;-0.0246 ;0.0003 ;-3.3001 ;-0.0605 
-269;-3.2154 ;-3.2918 ;0.0765 ;-0.0241 ;-0.0245 ;0.0003 ;-3.2762 ;-0.0608 
-268;-3.1913 ;-3.2674 ;0.0761 ;-0.0240 ;-0.0244 ;0.0003 ;-3.2523 ;-0.0610 
-267;-3.1673 ;-3.2430 ;0.0758 ;-0.0240 ;-0.0243 ;0.0003 ;-3.2284 ;-0.0611 
-266;-3.1433 ;-3.2188 ;0.0754 ;-0.0239 ;-0.0242 ;0.0003 ;-3.2044 ;-0.0611 
-265;-3.1195 ;-3.1946 ;0.0751 ;-0.0238 ;-0.0241 ;0.0003 ;-3.1805 ;-0.0610 
-264;-3.0958 ;-3.1706 ;0.0748 ;-0.0237 ;-0.0240 ;0.0003 ;-3.1566 ;-0.0608 
-263;-3.0722 ;-3.1466 ;0.0744 ;-0.0236 ;-0.0239 ;0.0003 ;-3.1327 ;-0.0605 
-262;-3.0486 ;-3.1227 ;0.0741 ;-0.0235 ;-0.0238 ;0.0003 ;-3.1021 ;-0.0535 
-261;-3.0252 ;-3.0989 ;0.0737 ;-0.0234 ;-0.0237 ;0.0004 ;-3.0790 ;-0.0538 
-260;-3.0018 ;-3.0752 ;0.0734 ;-0.0233 ;-0.0237 ;0.0004 ;-3.0558 ;-0.0540 
-259;-2.9786 ;-3.0516 ;0.0730 ;-0.0232 ;-0.0236 ;0.0004 ;-3.0326 ;-0.0541 
-258;-2.9554 ;-3.0281 ;0.0726 ;-0.0231 ;-0.0235 ;0.0004 ;-3.0095 ;-0.0541 
-257;-2.9323 ;-3.0046 ;0.0723 ;-0.0230 ;-0.0234 ;0.0004 ;-2.9863 ;-0.0540 
-256;-2.9094 ;-2.9813 ;0.0719 ;-0.0229 ;-0.0233 ;0.0004 ;-2.9632 ;-0.0538 
-255;-2.8865 ;-2.9580 ;0.0716 ;-0.0228 ;-0.0232 ;0.0004 ;-2.9400 ;-0.0535 
-254;-2.8637 ;-2.9349 ;0.0712 ;-0.0227 ;-0.0231 ;0.0004 ;-2.9108 ;-0.0471 
-253;-2.8410 ;-2.9118 ;0.0708 ;-0.0227 ;-0.0230 ;0.0004 ;-2.8884 ;-0.0474 
-252;-2.8184 ;-2.8888 ;0.0705 ;-0.0226 ;-0.0229 ;0.0004 ;-2.8659 ;-0.0476 
-251;-2.7959 ;-2.8660 ;0.0701 ;-0.0225 ;-0.0228 ;0.0004 ;-2.8435 ;-0.0477 
-250;-2.7734 ;-2.8432 ;0.0697 ;-0.0224 ;-0.0227 ;0.0004 ;-2.8211 ;-0.0477 
-249;-2.7511 ;-2.8205 ;0.0694 ;-0.0223 ;-0.0227 ;0.0004 ;-2.7987 ;-0.0476 
-248;-2.7289 ;-2.7979 ;0.0690 ;-0.0222 ;-0.0226 ;0.0004 ;-2.7762 ;-0.0474 
-247;-2.7067 ;-2.7753 ;0.0686 ;-0.0221 ;-0.0225 ;0.0004 ;-2.7538 ;-0.0471 
-246;-2.6847 ;-2.7529 ;0.0682 ;-0.0220 ;-0.0224 ;0.0004 ;-2.7260 ;-0.0413 
-245;-2.6627 ;-2.7306 ;0.0679 ;-0.0219 ;-0.0223 ;0.0004 ;-2.7043 ;-0.0416 
-244;-2.6408 ;-2.7083 ;0.0675 ;-0.0218 ;-0.0222 ;0.0004 ;-2.6826 ;-0.0418 
-243;-2.6191 ;-2.6862 ;0.0671 ;-0.0217 ;-0.0221 ;0.0004 ;-2.6609 ;-0.0418 
-242;-2.5974 ;-2.6641 ;0.0667 ;-0.0216 ;-0.0220 ;0.0004 ;-2.6392 ;-0.0418 
-241;-2.5758 ;-2.6421 ;0.0663 ;-0.0215 ;-0.0219 ;0.0004 ;-2.6175 ;-0.0418 
-240;-2.5543 ;-2.6202 ;0.0660 ;-0.0215 ;-0.0218 ;0.0004 ;-2.5959 ;-0.0416 
-239;-2.5329 ;-2.5984 ;0.0656 ;-0.0214 ;-0.0217 ;0.0004 ;-2.5742 ;-0.0413 
-238;-2.5116 ;-2.5767 ;0.0652 ;-0.0213 ;-0.0217 ;0.0004 ;-2.5476 ;-0.0360 
-237;-2.4903 ;-2.5551 ;0.0648 ;-0.0212 ;-0.0216 ;0.0004 ;-2.5266 ;-0.0363 
-236;-2.4692 ;-2.5336 ;0.0644 ;-0.0211 ;-0.0215 ;0.0004 ;-2.5057 ;-0.0365 
-235;-2.4482 ;-2.5122 ;0.0640 ;-0.0210 ;-0.0214 ;0.0004 ;-2.4847 ;-0.0366 
-234;-2.4272 ;-2.4908 ;0.0636 ;-0.0209 ;-0.0213 ;0.0004 ;-2.4638 ;-0.0366 
-233;-2.4064 ;-2.4696 ;0.0632 ;-0.0208 ;-0.0212 ;0.0004 ;-2.4428 ;-0.0365 
-232;-2.3856 ;-2.4484 ;0.0628 ;-0.0207 ;-0.0211 ;0.0004 ;-2.4219 ;-0.0363 
-231;-2.3649 ;-2.4274 ;0.0625 ;-0.0206 ;-0.0210 ;0.0004 ;-2.4009 ;-0.0360 
-230;-2.3443 ;-2.4064 ;0.0621 ;-0.0205 ;-0.0209 ;0.0004 ;-2.3756 ;-0.0312 
-229;-2.3239 ;-2.3855 ;0.0617 ;-0.0204 ;-0.0208 ;0.0004 ;-2.3554 ;-0.0315 
-228;-2.3035 ;-2.3647 ;0.0613 ;-0.0203 ;-0.0207 ;0.0004 ;-2.3352 ;-0.0317 
-227;-2.2832 ;-2.3440 ;0.0609 ;-0.0203 ;-0.0207 ;0.0004 ;-2.3149 ;-0.0318 
-226;-2.2629 ;-2.3234 ;0.0605 ;-0.0202 ;-0.0206 ;0.0004 ;-2.2947 ;-0.0318 
-225;-2.2428 ;-2.3029 ;0.0601 ;-0.0201 ;-0.0205 ;0.0004 ;-2.2745 ;-0.0317 
-224;-2.2228 ;-2.2825 ;0.0597 ;-0.0200 ;-0.0204 ;0.0004 ;-2.2543 ;-0.0315 
-223;-2.2029 ;-2.2621 ;0.0593 ;-0.0199 ;-0.0203 ;0.0004 ;-2.2341 ;-0.0312 
-222;-2.1830 ;-2.2419 ;0.0589 ;-0.0198 ;-0.0202 ;0.0004 ;-2.2099 ;-0.0269 
-221;-2.1633 ;-2.2217 ;0.0585 ;-0.0197 ;-0.0201 ;0.0004 ;-2.1905 ;-0.0272 
-220;-2.1436 ;-2.2017 ;0.0581 ;-0.0196 ;-0.0200 ;0.0004 ;-2.1710 ;-0.0274 
-219;-2.1240 ;-2.1817 ;0.0577 ;-0.0195 ;-0.0199 ;0.0004 ;-2.1515 ;-0.0275 
-218;-2.1045 ;-2.1618 ;0.0573 ;-0.0194 ;-0.0198 ;0.0004 ;-2.1320 ;-0.0275 
-217;-2.0852 ;-2.1420 ;0.0569 ;-0.0193 ;-0.0197 ;0.0004 ;-2.1126 ;-0.0274 
-216;-2.0659 ;-2.1223 ;0.0565 ;-0.0193 ;-0.0197 ;0.0004 ;-2.0931 ;-0.0272 
-215;-2.0467 ;-2.1027 ;0.0561 ;-0.0192 ;-0.0196 ;0.0004 ;-2.0736 ;-0.0269 
-214;-2.0275 ;-2.0832 ;0.0557 ;-0.0191 ;-0.0195 ;0.0004 ;-2.0506 ;-0.0231 
-213;-2.0085 ;-2.0638 ;0.0553 ;-0.0190 ;-0.0194 ;0.0004 ;-2.0319 ;-0.0234 
-212;-1.9896 ;-2.0445 ;0.0549 ;-0.0189 ;-0.0193 ;0.0004 ;-2.0131 ;-0.0235 
-211;-1.9708 ;-2.0252 ;0.0545 ;-0.0188 ;-0.0192 ;0.0004 ;-1.9944 ;-0.0236 
-210;-1.9520 ;-2.0061 ;0.0541 ;-0.0187 ;-0.0191 ;0.0004 ;-1.9756 ;-0.0236 
-209;-1.9333 ;-1.9870 ;0.0537 ;-0.0186 ;-0.0190 ;0.0004 ;-1.9569 ;-0.0235 
-208;-1.9148 ;-1.9680 ;0.0533 ;-0.0185 ;-0.0189 ;0.0004 ;-1.9381 ;-0.0234 
-207;-1.8963 ;-1.9491 ;0.0528 ;-0.0184 ;-0.0188 ;0.0004 ;-1.9194 ;-0.0231 
-206;-1.8779 ;-1.9304 ;0.0524 ;-0.0183 ;-0.0187 ;0.0004 ;-1.8976 ;-0.0197 
-205;-1.8596 ;-1.9117 ;0.0520 ;-0.0182 ;-0.0187 ;0.0004 ;-1.8796 ;-0.0199 
-204;-1.8414 ;-1.8931 ;0.0516 ;-0.0182 ;-0.0186 ;0.0004 ;-1.8616 ;-0.0201 
-203;-1.8233 ;-1.8745 ;0.0512 ;-0.0181 ;-0.0185 ;0.0004 ;-1.8435 ;-0.0202 
-202;-1.8053 ;-1.8561 ;0.0508 ;-0.0180 ;-0.0184 ;0.0004 ;-1.8255 ;-0.0202 
-201;-1.7874 ;-1.8378 ;0.0504 ;-0.0179 ;-0.0183 ;0.0004 ;-1.8075 ;-0.0201 
-200;-1.7695 ;-1.8195 ;0.0500 ;-0.0178 ;-0.0182 ;0.0004 ;-1.7895 ;-0.0199 
-199;-1.7518 ;-1.8014 ;0.0496 ;-0.0177 ;-0.0181 ;0.0004 ;-1.7715 ;-0.0197 
-198;-1.7341 ;-1.7833 ;0.0492 ;-0.0176 ;-0.0180 ;0.0004 ;-1.7508 ;-0.0166 
-197;-1.7166 ;-1.7654 ;0.0488 ;-0.0175 ;-0.0179 ;0.0004 ;-1.7335 ;-0.0169 
-196;-1.6991 ;-1.7475 ;0.0484 ;-0.0174 ;-0.0178 ;0.0004 ;-1.7162 ;-0.0171 
-195;-1.6817 ;-1.7297 ;0.0480 ;-0.0173 ;-0.0177 ;0.0004 ;-1.6989 ;-0.0172 
-194;-1.6644 ;-1.7120 ;0.0476 ;-0.0172 ;-0.0177 ;0.0004 ;-1.6816 ;-0.0172 
-193;-1.6472 ;-1.6944 ;0.0472 ;-0.0172 ;-0.0176 ;0.0004 ;-1.6643 ;-0.0171 
-192;-1.6301 ;-1.6769 ;0.0468 ;-0.0171 ;-0.0175 ;0.0004 ;-1.6470 ;-0.0169 
-191;-1.6131 ;-1.6595 ;0.0464 ;-0.0170 ;-0.0174 ;0.0004 ;-1.6297 ;-0.0166 
-190;-1.5961 ;-1.6421 ;0.0460 ;-0.0169 ;-0.0173 ;0.0004 ;-1.6101 ;-0.0139 
-189;-1.5793 ;-1.6249 ;0.0456 ;-0.0168 ;-0.0172 ;0.0004 ;-1.5935 ;-0.0142 
-188;-1.5626 ;-1.6077 ;0.0452 ;-0.0167 ;-0.0171 ;0.0004 ;-1.5769 ;-0.0144 
-187;-1.5459 ;-1.5907 ;0.0448 ;-0.0166 ;-0.0170 ;0.0004 ;-1.5604 ;-0.0145 
-186;-1.5293 ;-1.5737 ;0.0444 ;-0.0165 ;-0.0169 ;0.0004 ;-1.5438 ;-0.0145 
-185;-1.5128 ;-1.5568 ;0.0440 ;-0.0164 ;-0.0168 ;0.0004 ;-1.5272 ;-0.0144 
-184;-1.4965 ;-1.5400 ;0.0436 ;-0.0163 ;-0.0167 ;0.0004 ;-1.5107 ;-0.0142 
-183;-1.4802 ;-1.5233 ;0.0432 ;-0.0163 ;-0.0166 ;0.0004 ;-1.4941 ;-0.0139 
-182;-1.4640 ;-1.5067 ;0.0428 ;-0.0162 ;-0.0166 ;0.0004 ;-1.4755 ;-0.0116 
-181;-1.4478 ;-1.4902 ;0.0424 ;-0.0161 ;-0.0165 ;0.0004 ;-1.4597 ;-0.0118 
-180;-1.4318 ;-1.4738 ;0.0420 ;-0.0160 ;-0.0164 ;0.0004 ;-1.4438 ;-0.0120 
-179;-1.4159 ;-1.4575 ;0.0416 ;-0.0159 ;-0.0163 ;0.0004 ;-1.4280 ;-0.0121 
-178;-1.4000 ;-1.4412 ;0.0412 ;-0.0158 ;-0.0162 ;0.0004 ;-1.4121 ;-0.0121 
-177;-1.3843 ;-1.4251 ;0.0408 ;-0.0157 ;-0.0161 ;0.0004 ;-1.3963 ;-0.0120 
-176;-1.3686 ;-1.4090 ;0.0404 ;-0.0156 ;-0.0160 ;0.0004 ;-1.3805 ;-0.0118 
-175;-1.3530 ;-1.3931 ;0.0400 ;-0.0155 ;-0.0159 ;0.0004 ;-1.3646 ;-0.0116 
-174;-1.3376 ;-1.3772 ;0.0396 ;-0.0154 ;-0.0158 ;0.0004 ;-1.3471 ;-0.0095 
-173;-1.3222 ;-1.3614 ;0.0392 ;-0.0153 ;-0.0157 ;0.0004 ;-1.3319 ;-0.0098 
-172;-1.3069 ;-1.3457 ;0.0388 ;-0.0153 ;-0.0156 ;0.0004 ;-1.3168 ;-0.0099 
-171;-1.2917 ;-1.3301 ;0.0384 ;-0.0152 ;-0.0156 ;0.0004 ;-1.3017 ;-0.0100 
-170;-1.2765 ;-1.3146 ;0.0381 ;-0.0151 ;-0.0155 ;0.0004 ;-1.2866 ;-0.0100 
-169;-1.2615 ;-1.2992 ;0.0377 ;-0.0150 ;-0.0154 ;0.0004 ;-1.2714 ;-0.0099 
-168;-1.2466 ;-1.2838 ;0.0373 ;-0.0149 ;-0.0153 ;0.0004 ;-1.2563 ;-0.0098 
-167;-1.2317 ;-1.2686 ;0.0369 ;-0.0148 ;-0.0152 ;0.0004 ;-1.2412 ;-0.0095 
-166;-1.2169 ;-1.2534 ;0.0365 ;-0.0147 ;-0.0151 ;0.0004 ;-1.2246 ;-0.0077 
-165;-1.2023 ;-1.2384 ;0.0361 ;-0.0146 ;-0.0150 ;0.0004 ;-1.2102 ;-0.0080 
-164;-1.1877 ;-1.2234 ;0.0357 ;-0.0145 ;-0.0149 ;0.0004 ;-1.1958 ;-0.0081 
-163;-1.1732 ;-1.2086 ;0.0354 ;-0.0144 ;-0.0148 ;0.0004 ;-1.1814 ;-0.0082 
-162;-1.1588 ;-1.1938 ;0.0350 ;-0.0144 ;-0.0147 ;0.0004 ;-1.1670 ;-0.0082 
-161;-1.1445 ;-1.1791 ;0.0346 ;-0.0143 ;-0.0146 ;0.0004 ;-1.1526 ;-0.0081 
-160;-1.1303 ;-1.1645 ;0.0342 ;-0.0142 ;-0.0146 ;0.0004 ;-1.1382 ;-0.0080 
-159;-1.1161 ;-1.1500 ;0.0338 ;-0.0141 ;-0.0145 ;0.0004 ;-1.1238 ;-0.0077 
-158;-1.1021 ;-1.1355 ;0.0335 ;-0.0140 ;-0.0144 ;0.0004 ;-1.1082 ;-0.0061 
-157;-1.0881 ;-1.1212 ;0.0331 ;-0.0139 ;-0.0143 ;0.0004 ;-1.0945 ;-0.0064 
-156;-1.0743 ;-1.1070 ;0.0327 ;-0.0138 ;-0.0142 ;0.0004 ;-1.0809 ;-0.0066 
-155;-1.0605 ;-1.0928 ;0.0323 ;-0.0137 ;-0.0141 ;0.0004 ;-1.0672 ;-0.0067 
-154;-1.0468 ;-1.0788 ;0.0320 ;-0.0136 ;-0.0140 ;0.0004 ;-1.0535 ;-0.0067 
-153;-1.0332 ;-1.0648 ;0.0316 ;-0.0135 ;-0.0139 ;0.0004 ;-1.0398 ;-0.0066 
-152;-1.0197 ;-1.0509 ;0.0312 ;-0.0135 ;-0.0138 ;0.0004 ;-1.0261 ;-0.0064 
-151;-1.0063 ;-1.0371 ;0.0309 ;-0.0134 ;-0.0137 ;0.0004 ;-1.0124 ;-0.0061 
-150;-0.9930 ;-1.0235 ;0.0305 ;-0.0133 ;-0.0136 ;0.0004 ;-0.9978 ;-0.0048 
-149;-0.9797 ;-1.0099 ;0.0301 ;-0.0132 ;-0.0136 ;0.0004 ;-0.9848 ;-0.0051 
-148;-0.9666 ;-0.9963 ;0.0298 ;-0.0131 ;-0.0135 ;0.0004 ;-0.9719 ;-0.0053 
-147;-0.9535 ;-0.9829 ;0.0294 ;-0.0130 ;-0.0134 ;0.0004 ;-0.9589 ;-0.0054 
-146;-0.9406 ;-0.9696 ;0.0290 ;-0.0129 ;-0.0133 ;0.0004 ;-0.9459 ;-0.0054 
-145;-0.9277 ;-0.9564 ;0.0287 ;-0.0128 ;-0.0132 ;0.0004 ;-0.9330 ;-0.0053 
-144;-0.9149 ;-0.9432 ;0.0283 ;-0.0127 ;-0.0131 ;0.0004 ;-0.9200 ;-0.0051 
-143;-0.9022 ;-0.9302 ;0.0280 ;-0.0127 ;-0.0130 ;0.0004 ;-0.9070 ;-0.0048 
-142;-0.8896 ;-0.9172 ;0.0276 ;-0.0126 ;-0.0129 ;0.0004 ;-0.8933 ;-0.0037 
-141;-0.8771 ;-0.9043 ;0.0273 ;-0.0125 ;-0.0128 ;0.0004 ;-0.8810 ;-0.0040 
-140;-0.8646 ;-0.8915 ;0.0269 ;-0.0124 ;-0.0127 ;0.0004 ;-0.8688 ;-0.0041 
-139;-0.8523 ;-0.8788 ;0.0266 ;-0.0123 ;-0.0126 ;0.0003 ;-0.8565 ;-0.0042 
-138;-0.8400 ;-0.8662 ;0.0262 ;-0.0122 ;-0.0126 ;0.0003 ;-0.8443 ;-0.0042 
-137;-0.8279 ;-0.8537 ;0.0259 ;-0.0121 ;-0.0125 ;0.0003 ;-0.8320 ;-0.0041 
-136;-0.8158 ;-0.8413 ;0.0255 ;-0.0120 ;-0.0124 ;0.0003 ;-0.8198 ;-0.0040 
-135;-0.8038 ;-0.8290 ;0.0252 ;-0.0119 ;-0.0123 ;0.0003 ;-0.8075 ;-0.0037 
-134;-0.7919 ;-0.8168 ;0.0248 ;-0.0118 ;-0.0122 ;0.0003 ;-0.7947 ;-0.0028 
-133;-0.7801 ;-0.8046 ;0.0245 ;-0.0118 ;-0.0121 ;0.0003 ;-0.7831 ;-0.0030 
-132;-0.7684 ;-0.7926 ;0.0241 ;-0.0117 ;-0.0120 ;0.0003 ;-0.7716 ;-0.0032 
-131;-0.7568 ;-0.7806 ;0.0238 ;-0.0116 ;-0.0119 ;0.0003 ;-0.7601 ;-0.0033 
-130;-0.7453 ;-0.7687 ;0.0235 ;-0.0115 ;-0.0118 ;0.0003 ;-0.7485 ;-0.0033 
-129;-0.7338 ;-0.7569 ;0.0231 ;-0.0114 ;-0.0117 ;0.0003 ;-0.7370 ;-0.0032 
-128;-0.7224 ;-0.7452 ;0.0228 ;-0.0113 ;-0.0116 ;0.0003 ;-0.7255 ;-0.0030 
-127;-0.7112 ;-0.7336 ;0.0225 ;-0.0112 ;-0.0116 ;0.0003 ;-0.7139 ;-0.0028 
-126;-0.7000 ;-0.7221 ;0.0221 ;-0.0111 ;-0.0115 ;0.0003 ;-0.7020 ;-0.0020 
-125;-0.6889 ;-0.7107 ;0.0218 ;-0.0110 ;-0.0114 ;0.0003 ;-0.6911 ;-0.0022 
-124;-0.6779 ;-0.6994 ;0.0215 ;-0.0110 ;-0.0113 ;0.0003 ;-0.6803 ;-0.0024 
-123;-0.6670 ;-0.6882 ;0.0212 ;-0.0109 ;-0.0112 ;0.0003 ;-0.6695 ;-0.0025 
-122;-0.6562 ;-0.6770 ;0.0208 ;-0.0108 ;-0.0111 ;0.0003 ;-0.6587 ;-0.0025 
-121;-0.6454 ;-0.6660 ;0.0205 ;-0.0107 ;-0.0110 ;0.0003 ;-0.6478 ;-0.0024 
-120;-0.6348 ;-0.6550 ;0.0202 ;-0.0106 ;-0.0109 ;0.0003 ;-0.6370 ;-0.0022 
-119;-0.6242 ;-0.6441 ;0.0199 ;-0.0105 ;-0.0108 ;0.0003 ;-0.6262 ;-0.0020 
-118;-0.6138 ;-0.6333 ;0.0196 ;-0.0104 ;-0.0107 ;0.0003 ;-0.6151 ;-0.0013 
-117;-0.6034 ;-0.6227 ;0.0193 ;-0.0103 ;-0.0106 ;0.0003 ;-0.6050 ;-0.0016 
-116;-0.5931 ;-0.6121 ;0.0190 ;-0.0102 ;-0.0106 ;0.0003 ;-0.5949 ;-0.0018 
-115;-0.5829 ;-0.6016 ;0.0187 ;-0.0102 ;-0.0105 ;0.0003 ;-0.5847 ;-0.0018 
-114;-0.5728 ;-0.5911 ;0.0184 ;-0.0101 ;-0.0104 ;0.0003 ;-0.5746 ;-0.0018 
-113;-0.5628 ;-0.5808 ;0.0180 ;-0.0100 ;-0.0103 ;0.0003 ;-0.5645 ;-0.0018 
-112;-0.5528 ;-0.5706 ;0.0177 ;-0.0099 ;-0.0102 ;0.0003 ;-0.5544 ;-0.0016 
-111;-0.5430 ;-0.5604 ;0.0174 ;-0.0098 ;-0.0101 ;0.0003 ;-0.5443 ;-0.0013 
-110;-0.5332 ;-0.5504 ;0.0172 ;-0.0097 ;-0.0100 ;0.0003 ;-0.5340 ;-0.0008 
-109;-0.5236 ;-0.5404 ;0.0169 ;-0.0096 ;-0.0099 ;0.0003 ;-0.5246 ;-0.0011 
-108;-0.5140 ;-0.5305 ;0.0166 ;-0.0095 ;-0.0098 ;0.0003 ;-0.5152 ;-0.0012 
-107;-0.5045 ;-0.5208 ;0.0163 ;-0.0094 ;-0.0097 ;0.0003 ;-0.5058 ;-0.0013 
-106;-0.4951 ;-0.5111 ;0.0160 ;-0.0094 ;-0.0096 ;0.0003 ;-0.4964 ;-0.0013 
-105;-0.4858 ;-0.5015 ;0.0157 ;-0.0093 ;-0.0096 ;0.0003 ;-0.4870 ;-0.0012 
-104;-0.4766 ;-0.4920 ;0.0154 ;-0.0092 ;-0.0095 ;0.0003 ;-0.4776 ;-0.0011 
-103;-0.4674 ;-0.4826 ;0.0151 ;-0.0091 ;-0.0094 ;0.0003 ;-0.4682 ;-0.0008 
-102;-0.4584 ;-0.4732 ;0.0149 ;-0.0090 ;-0.0093 ;0.0003 ;-0.4588 ;-0.0004 
-101;-0.4494 ;-0.4640 ;0.0146 ;-0.0089 ;-0.0092 ;0.0003 ;-0.4501 ;-0.0006 
-100;-0.4406 ;-0.4549 ;0.0143 ;-0.0088 ;-0.0091 ;0.0003 ;-0.4414 ;-0.0008 
-99;-0.4318 ;-0.4458 ;0.0140 ;-0.0087 ;-0.0090 ;0.0003 ;-0.4327 ;-0.0009 
-98;-0.4231 ;-0.4368 ;0.0138 ;-0.0086 ;-0.0089 ;0.0003 ;-0.4240 ;-0.0009 
-97;-0.4145 ;-0.4280 ;0.0135 ;-0.0086 ;-0.0088 ;0.0003 ;-0.4153 ;-0.0008 
-96;-0.4060 ;-0.4192 ;0.0132 ;-0.0085 ;-0.0087 ;0.0003 ;-0.4066 ;-0.0006 
-95;-0.3975 ;-0.4105 ;0.0130 ;-0.0084 ;-0.0086 ;0.0003 ;-0.3979 ;-0.0004 
-94;-0.3892 ;-0.4019 ;0.0127 ;-0.0083 ;-0.0086 ;0.0003 ;-0.3893 ;0.0000 
-93;-0.3810 ;-0.3934 ;0.0124 ;-0.0082 ;-0.0085 ;0.0003 ;-0.3813 ;-0.0003 
-92;-0.3728 ;-0.3850 ;0.0122 ;-0.0081 ;-0.0084 ;0.0003 ;-0.3733 ;-0.0005 
-91;-0.3647 ;-0.3767 ;0.0119 ;-0.0080 ;-0.0083 ;0.0003 ;-0.3653 ;-0.0006 
-90;-0.3568 ;-0.3684 ;0.0117 ;-0.0079 ;-0.0082 ;0.0003 ;-0.3573 ;-0.0006 
-89;-0.3489 ;-0.3603 ;0.0114 ;-0.0078 ;-0.0081 ;0.0002 ;-0.3494 ;-0.0005 
-88;-0.3411 ;-0.3522 ;0.0112 ;-0.0078 ;-0.0080 ;0.0002 ;-0.3414 ;-0.0003 
-87;-0.3333 ;-0.3443 ;0.0109 ;-0.0077 ;-0.0079 ;0.0002 ;-0.3334 ;0.0000 
-86;-0.3257 ;-0.3364 ;0.0107 ;-0.0076 ;-0.0078 ;0.0002 ;-0.3255 ;0.0002 
-85;-0.3182 ;-0.3286 ;0.0105 ;-0.0075 ;-0.0077 ;0.0002 ;-0.3182 ;-0.0001 
-84;-0.3107 ;-0.3209 ;0.0102 ;-0.0074 ;-0.0076 ;0.0002 ;-0.3110 ;-0.0002 
-83;-0.3034 ;-0.3133 ;0.0100 ;-0.0073 ;-0.0076 ;0.0002 ;-0.3037 ;-0.0003 
-82;-0.2961 ;-0.3058 ;0.0097 ;-0.0072 ;-0.0075 ;0.0002 ;-0.2964 ;-0.0003 
-81;-0.2889 ;-0.2984 ;0.0095 ;-0.0071 ;-0.0074 ;0.0002 ;-0.2891 ;-0.0002 
-80;-0.2818 ;-0.2911 ;0.0093 ;-0.0071 ;-0.0073 ;0.0002 ;-0.2819 ;-0.0001 
-79;-0.2748 ;-0.2839 ;0.0091 ;-0.0070 ;-0.0072 ;0.0002 ;-0.2746 ;0.0002 
-78;-0.2679 ;-0.2767 ;0.0088 ;-0.0069 ;-0.0071 ;0.0002 ;-0.2675 ;0.0004 
-77;-0.2611 ;-0.2697 ;0.0086 ;-0.0068 ;-0.0070 ;0.0002 ;-0.2609 ;0.0001 
-76;-0.2543 ;-0.2627 ;0.0084 ;-0.0067 ;-0.0069 ;0.0002 ;-0.2544 ;0.0000 
-75;-0.2477 ;-0.2559 ;0.0082 ;-0.0066 ;-0.0068 ;0.0002 ;-0.2478 ;-0.0001 
-74;-0.2411 ;-0.2491 ;0.0080 ;-0.0065 ;-0.0067 ;0.0002 ;-0.2412 ;-0.0001 
-73;-0.2346 ;-0.2424 ;0.0078 ;-0.0064 ;-0.0066 ;0.0002 ;-0.2347 ;0.0000 
-72;-0.2282 ;-0.2358 ;0.0076 ;-0.0063 ;-0.0065 ;0.0002 ;-0.2281 ;0.0001 
-71;-0.2219 ;-0.2293 ;0.0074 ;-0.0063 ;-0.0065 ;0.0002 ;-0.2215 ;0.0004 
-70;-0.2157 ;-0.2229 ;0.0072 ;-0.0062 ;-0.0064 ;0.0002 ;-0.2152 ;0.0005 
-69;-0.2096 ;-0.2166 ;0.0070 ;-0.0061 ;-0.0063 ;0.0002 ;-0.2093 ;0.0003 
-68;-0.2036 ;-0.2103 ;0.0068 ;-0.0060 ;-0.0062 ;0.0002 ;-0.2035 ;0.0001 
-67;-0.1976 ;-0.2042 ;0.0066 ;-0.0059 ;-0.0061 ;0.0002 ;-0.1976 ;0.0000 
-66;-0.1918 ;-0.1981 ;0.0064 ;-0.0058 ;-0.0060 ;0.0002 ;-0.1918 ;0.0000 
-65;-0.1860 ;-0.1922 ;0.0062 ;-0.0057 ;-0.0059 ;0.0002 ;-0.1859 ;0.0001 
-64;-0.1803 ;-0.1863 ;0.0060 ;-0.0056 ;-0.0058 ;0.0002 ;-0.1800 ;0.0003 
-63;-0.1747 ;-0.1805 ;0.0058 ;-0.0055 ;-0.0057 ;0.0002 ;-0.1742 ;0.0005 
-62;-0.1692 ;-0.1748 ;0.0056 ;-0.0055 ;-0.0056 ;0.0002 ;-0.1686 ;0.0006 
-61;-0.1638 ;-0.1693 ;0.0055 ;-0.0054 ;-0.0055 ;0.0002 ;-0.1634 ;0.0004 
-60;-0.1585 ;-0.1637 ;0.0053 ;-0.0053 ;-0.0055 ;0.0002 ;-0.1583 ;0.0002 
-59;-0.1532 ;-0.1583 ;0.0051 ;-0.0052 ;-0.0054 ;0.0002 ;-0.1531 ;0.0001 
-58;-0.1481 ;-0.1530 ;0.0049 ;-0.0051 ;-0.0053 ;0.0002 ;-0.1480 ;0.0001 
-57;-0.1430 ;-0.1478 ;0.0048 ;-0.0050 ;-0.0052 ;0.0002 ;-0.1428 ;0.0002 
-56;-0.1380 ;-0.1426 ;0.0046 ;-0.0049 ;-0.0051 ;0.0002 ;-0.1377 ;0.0004 
-55;-0.1331 ;-0.1376 ;0.0045 ;-0.0048 ;-0.0050 ;0.0002 ;-0.1325 ;0.0006 
-54;-0.1283 ;-0.1326 ;0.0043 ;-0.0048 ;-0.0049 ;0.0002 ;-0.1276 ;0.0007 
-53;-0.1236 ;-0.1278 ;0.0041 ;-0.0047 ;-0.0048 ;0.0002 ;-0.1232 ;0.0004 
-52;-0.1190 ;-0.1230 ;0.0040 ;-0.0046 ;-0.0047 ;0.0002 ;-0.1188 ;0.0003 
-51;-0.1145 ;-0.1183 ;0.0038 ;-0.0045 ;-0.0046 ;0.0001 ;-0.1143 ;0.0002 
-50;-0.1100 ;-0.1137 ;0.0037 ;-0.0044 ;-0.0045 ;0.0001 ;-0.1099 ;0.0002 
-49;-0.1057 ;-0.1092 ;0.0035 ;-0.0043 ;-0.0045 ;0.0001 ;-0.1054 ;0.0003 
-48;-0.1014 ;-0.1048 ;0.0034 ;-0.0042 ;-0.0044 ;0.0001 ;-0.1010 ;0.0004 
-47;-0.0972 ;-0.1005 ;0.0033 ;-0.0041 ;-0.0043 ;0.0001 ;-0.0965 ;0.0007 
-46;-0.0931 ;-0.0962 ;0.0031 ;-0.0040 ;-0.0042 ;0.0001 ;-0.0924 ;0.0007 
-45;-0.0891 ;-0.0921 ;0.0030 ;-0.0040 ;-0.0041 ;0.0001 ;-0.0886 ;0.0005 
-44;-0.0852 ;-0.0881 ;0.0029 ;-0.0039 ;-0.0040 ;0.0001 ;-0.0849 ;0.0003 
-43;-0.0814 ;-0.0841 ;0.0027 ;-0.0038 ;-0.0039 ;0.0001 ;-0.0812 ;0.0002 
-42;-0.0776 ;-0.0802 ;0.0026 ;-0.0037 ;-0.0038 ;0.0001 ;-0.0774 ;0.0002 
-41;-0.0740 ;-0.0765 ;0.0025 ;-0.0036 ;-0.0037 ;0.0001 ;-0.0737 ;0.0003 
-40;-0.0704 ;-0.0728 ;0.0024 ;-0.0035 ;-0.0036 ;0.0001 ;-0.0699 ;0.0005 
-39;-0.0669 ;-0.0692 ;0.0023 ;-0.0034 ;-0.0035 ;0.0001 ;-0.0662 ;0.0007 
-38;-0.0635 ;-0.0657 ;0.0021 ;-0.0033 ;-0.0035 ;0.0001 ;-0.0628 ;0.0008 
-37;-0.0602 ;-0.0623 ;0.0020 ;-0.0033 ;-0.0034 ;0.0001 ;-0.0598 ;0.0005 
-36;-0.0570 ;-0.0589 ;0.0019 ;-0.0032 ;-0.0033 ;0.0001 ;-0.0567 ;0.0003 
-35;-0.0539 ;-0.0557 ;0.0018 ;-0.0031 ;-0.0032 ;0.0001 ;-0.0537 ;0.0002 
-34;-0.0509 ;-0.0526 ;0.0017 ;-0.0030 ;-0.0031 ;0.0001 ;-0.0506 ;0.0002 
-33;-0.0479 ;-0.0495 ;0.0016 ;-0.0029 ;-0.0030 ;0.0001 ;-0.0476 ;0.0003 
-32;-0.0451 ;-0.0466 ;0.0015 ;-0.0028 ;-0.0029 ;0.0001 ;-0.0446 ;0.0005 
-31;-0.0423 ;-0.0437 ;0.0014 ;-0.0027 ;-0.0028 ;0.0001 ;-0.0415 ;0.0008 
-30;-0.0396 ;-0.0409 ;0.0013 ;-0.0026 ;-0.0027 ;0.0001 ;-0.0388 ;0.0008 
-29;-0.0370 ;-0.0383 ;0.0012 ;-0.0026 ;-0.0026 ;0.0001 ;-0.0365 ;0.0005 
-28;-0.0345 ;-0.0357 ;0.0012 ;-0.0025 ;-0.0025 ;0.0001 ;-0.0342 ;0.0003 
-27;-0.0321 ;-0.0332 ;0.0011 ;-0.0024 ;-0.0025 ;0.0001 ;-0.0318 ;0.0002 
-26;-0.0297 ;-0.0307 ;0.0010 ;-0.0023 ;-0.0024 ;0.0001 ;-0.0295 ;0.0002 
-25;-0.0275 ;-0.0284 ;0.0009 ;-0.0022 ;-0.0023 ;0.0001 ;-0.0272 ;0.0003 
-24;-0.0253 ;-0.0262 ;0.0009 ;-0.0021 ;-0.0022 ;0.0001 ;-0.0248 ;0.0005 
-23;-0.0233 ;-0.0241 ;0.0008 ;-0.0020 ;-0.0021 ;0.0001 ;-0.0225 ;0.0008 
-22;-0.0213 ;-0.0220 ;0.0007 ;-0.0019 ;-0.0020 ;0.0001 ;-0.0205 ;0.0008 
-21;-0.0194 ;-0.0201 ;0.0007 ;-0.0018 ;-0.0019 ;0.0001 ;-0.0189 ;0.0005 
-20;-0.0176 ;-0.0182 ;0.0006 ;-0.0018 ;-0.0018 ;0.0001 ;-0.0173 ;0.0003 
-19;-0.0159 ;-0.0164 ;0.0005 ;-0.0017 ;-0.0017 ;0.0001 ;-0.0156 ;0.0002 
-18;-0.0143 ;-0.0147 ;0.0005 ;-0.0016 ;-0.0016 ;0.0001 ;-0.0140 ;0.0002 
-17;-0.0127 ;-0.0131 ;0.0004 ;-0.0015 ;-0.0015 ;0.0001 ;-0.0124 ;0.0003 
-16;-0.0113 ;-0.0116 ;0.0004 ;-0.0014 ;-0.0015 ;0.0000 ;-0.0108 ;0.0005 
-15;-0.0099 ;-0.0102 ;0.0003 ;-0.0013 ;-0.0014 ;0.0000 ;-0.0091 ;0.0008 
-14;-0.0086 ;-0.0089 ;0.0003 ;-0.0012 ;-0.0013 ;0.0000 ;-0.0079 ;0.0008 
-13;-0.0074 ;-0.0077 ;0.0003 ;-0.0011 ;-0.0012 ;0.0000 ;-0.0069 ;0.0005 
-12;-0.0063 ;-0.0065 ;0.0002 ;-0.0011 ;-0.0011 ;0.0000 ;-0.0060 ;0.0003 
-11;-0.0053 ;-0.0055 ;0.0002 ;-0.0010 ;-0.0010 ;0.0000 ;-0.0051 ;0.0002 
-10;-0.0044 ;-0.0045 ;0.0001 ;-0.0009 ;-0.0009 ;0.0000 ;-0.0042 ;0.0002 
-9;-0.0036 ;-0.0037 ;0.0001 ;-0.0008 ;-0.0008 ;0.0000 ;-0.0032 ;0.0003 
-8;-0.0028 ;-0.0029 ;0.0001 ;-0.0007 ;-0.0007 ;0.0000 ;-0.0023 ;0.0005 
-7;-0.0022 ;-0.0022 ;0.0001 ;-0.0006 ;-0.0006 ;0.0000 ;-0.0014 ;0.0008 
-6;-0.0016 ;-0.0016 ;0.0001 ;-0.0005 ;-0.0005 ;0.0000 ;-0.0009 ;0.0007 
-5;-0.0011 ;-0.0011 ;0.0000 ;-0.0004 ;-0.0005 ;0.0000 ;-0.0006 ;0.0005 
-4;-0.0007 ;-0.0007 ;0.0000 ;-0.0004 ;-0.0004 ;0.0000 ;-0.0004 ;0.0003 
-3;-0.0004 ;-0.0004 ;0.0000 ;-0.0003 ;-0.0003 ;0.0000 ;-0.0002 ;0.0002 
-2;-0.0002 ;-0.0002 ;0.0000 ;-0.0002 ;-0.0002 ;0.0000 ;0.0001 ;0.0002 
-1;0.0000 ;0.0000 ;0.0000 ;-0.0001 ;-0.0001 ;0.0000 ;0.0003 ;0.0003 
0;0.0000 ;0.0000 ;0.0000 ;0.0000 ;0.0000 ;0.0000 ;0.0005 ;0.0005 
1;0.0000 ;0.0000 ;0.0000 ;-0.0001 ;-0.0001 ;0.0000 ;-0.0375 ;0.0375 
2;-0.0002 ;-0.0002 ;0.0000 ;-0.0002 ;-0.0002 ;0.0000 ;-0.1507 ;0.1505 
3;-0.0004 ;-0.0004 ;0.0000 ;-0.0003 ;-0.0003 ;0.0000 ;-0.3415 ;0.3412 
4;-0.0007 ;-0.0007 ;0.0000 ;-0.0004 ;-0.0004 ;0.0000 ;-0.6135 ;0.6128 
5;-0.0011 ;-0.0011 ;0.0000 ;-0.0004 ;-0.0005 ;0.0000 ;-0.9720 ;0.9709 
6;-0.0016 ;-0.0016 ;0.0001 ;-0.0005 ;-0.0005 ;0.0000 ;-1.4248 ;1.4232 
7;-0.0022 ;-0.0022 ;0.0001 ;-0.0006 ;-0.0006 ;0.0000 ;-1.9831 ;1.9809 
8;-0.0028 ;-0.0029 ;0.0001 ;-0.0007 ;-0.0007 ;0.0000 ;-2.6635 ;2.6607 
9;-0.0036 ;-0.0037 ;0.0001 ;-0.0008 ;-0.0008 ;0.0000 ;-3.4913 ;3.4877 
10;-0.0044 ;-0.0045 ;0.0001 ;-0.0009 ;-0.0009 ;0.0000 ;-4.5077 ;4.5033 
11;-0.0053 ;-0.0055 ;0.0002 ;-0.0010 ;-0.0010 ;0.0000 ;-5.7885 ;5.7832 
12;-0.0063 ;-0.0065 ;0.0002 ;-0.0011 ;-0.0011 ;0.0000 ;-7.5051 ;7.4988 
13;-0.0074 ;-0.0077 ;0.0003 ;-0.0011 ;-0.0012 ;0.0000 ;-10.3267 ;10.3193 
14;-0.0086 ;-0.0089 ;0.0003 ;-0.0012 ;-0.0013 ;0.0000 ;#NOMBRE!;#NOMBRE!
15;-0.0099 ;-0.0102 ;0.0003 ;-0.0013 ;-0.0014 ;0.0000 ;#NOMBRE!;#NOMBRE!
16;-0.0113 ;-0.0116 ;0.0004 ;-0.0014 ;-0.0015 ;0.0000 ;#NOMBRE!;#NOMBRE!
17;-0.0127 ;-0.0131 ;0.0004 ;-0.0015 ;-0.0015 ;0.0001 ;#NOMBRE!;#NOMBRE!
18;-0.0143 ;-0.0147 ;0.0005 ;-0.0016 ;-0.0016 ;0.0001 ;#NOMBRE!;#NOMBRE!
19;-0.0159 ;-0.0164 ;0.0005 ;-0.0017 ;-0.0017 ;0.0001 ;#NOMBRE!;#NOMBRE!
20;-0.0176 ;-0.0182 ;0.0006 ;-0.0018 ;-0.0018 ;0.0001 ;#NOMBRE!;#NOMBRE!
21;-0.0194 ;-0.0201 ;0.0007 ;-0.0018 ;-0.0019 ;0.0001 ;#NOMBRE!;#NOMBRE!
22;-0.0213 ;-0.0220 ;0.0007 ;-0.0019 ;-0.0020 ;0.0001 ;#NOMBRE!;#NOMBRE!
23;-0.0233 ;-0.0241 ;0.0008 ;-0.0020 ;-0.0021 ;0.0001 ;#NOMBRE!;#NOMBRE!
24;-0.0253 ;-0.0262 ;0.0009 ;-0.0021 ;-0.0022 ;0.0001 ;#NOMBRE!;#NOMBRE!
25;-0.0275 ;-0.0284 ;0.0009 ;-0.0022 ;-0.0023 ;0.0001 ;#NOMBRE!;#NOMBRE!
26;-0.0297 ;-0.0307 ;0.0010 ;-0.0023 ;-0.0024 ;0.0001 ;#NOMBRE!;#NOMBRE!
27;-0.0321 ;-0.0332 ;0.0011 ;-0.0024 ;-0.0025 ;0.0001 ;#NOMBRE!;#NOMBRE!
28;-0.0345 ;-0.0357 ;0.0012 ;-0.0025 ;-0.0025 ;0.0001 ;#NOMBRE!;#NOMBRE!
29;-0.0370 ;-0.0383 ;0.0012 ;-0.0026 ;-0.0026 ;0.0001 ;#NOMBRE!;#NOMBRE!
30;-0.0396 ;-0.0409 ;0.0013 ;-0.0026 ;-0.0027 ;0.0001 ;#NOMBRE!;#NOMBRE!
31;-0.0423 ;-0.0437 ;0.0014 ;-0.0027 ;-0.0028 ;0.0001 ;#NOMBRE!;#NOMBRE!
32;-0.0451 ;-0.0466 ;0.0015 ;-0.0028 ;-0.0029 ;0.0001 ;#NOMBRE!;#NOMBRE!
33;-0.0479 ;-0.0495 ;0.0016 ;-0.0029 ;-0.0030 ;0.0001 ;#NOMBRE!;#NOMBRE!
34;-0.0509 ;-0.0526 ;0.0017 ;-0.0030 ;-0.0031 ;0.0001 ;#NOMBRE!;#NOMBRE!
35;-0.0539 ;-0.0557 ;0.0018 ;-0.0031 ;-0.0032 ;0.0001 ;#NOMBRE!;#NOMBRE!
36;-0.0570 ;-0.0589 ;0.0019 ;-0.0032 ;-0.0033 ;0.0001 ;#NOMBRE!;#NOMBRE!
37;-0.0602 ;-0.0623 ;0.0020 ;-0.0033 ;-0.0034 ;0.0001 ;#NOMBRE!;#NOMBRE!
38;-0.0635 ;-0.0657 ;0.0021 ;-0.0033 ;-0.0035 ;0.0001 ;#NOMBRE!;#NOMBRE!
39;-0.0669 ;-0.0692 ;0.0023 ;-0.0034 ;-0.0035 ;0.0001 ;#NOMBRE!;#NOMBRE!
40;-0.0704 ;-0.0728 ;0.0024 ;-0.0035 ;-0.0036 ;0.0001 ;#NOMBRE!;#NOMBRE!
41;-0.0740 ;-0.0765 ;0.0025 ;-0.0036 ;-0.0037 ;0.0001 ;#NOMBRE!;#NOMBRE!
42;-0.0776 ;-0.0802 ;0.0026 ;-0.0037 ;-0.0038 ;0.0001 ;#NOMBRE!;#NOMBRE!
43;-0.0814 ;-0.0841 ;0.0027 ;-0.0038 ;-0.0039 ;0.0001 ;#NOMBRE!;#NOMBRE!
44;-0.0852 ;-0.0881 ;0.0029 ;-0.0039 ;-0.0040 ;0.0001 ;#NOMBRE!;#NOMBRE!
45;-0.0891 ;-0.0921 ;0.0030 ;-0.0040 ;-0.0041 ;0.0001 ;#NOMBRE!;#NOMBRE!
46;-0.0931 ;-0.0962 ;0.0031 ;-0.0040 ;-0.0042 ;0.0001 ;#NOMBRE!;#NOMBRE!
47;-0.0972 ;-0.1005 ;0.0033 ;-0.0041 ;-0.0043 ;0.0001 ;#NOMBRE!;#NOMBRE!
48;-0.1014 ;-0.1048 ;0.0034 ;-0.0042 ;-0.0044 ;0.0001 ;#NOMBRE!;#NOMBRE!
49;-0.1057 ;-0.1092 ;0.0035 ;-0.0043 ;-0.0045 ;0.0001 ;#NOMBRE!;#NOMBRE!
50;-0.1100 ;-0.1137 ;0.0037 ;-0.0044 ;-0.0045 ;0.0001 ;#NOMBRE!;#NOMBRE!
51;-0.1145 ;-0.1183 ;0.0038 ;-0.0045 ;-0.0046 ;0.0001 ;#NOMBRE!;#NOMBRE!
52;-0.1190 ;-0.1230 ;0.0040 ;-0.0046 ;-0.0047 ;0.0002 ;#NOMBRE!;#NOMBRE!
53;-0.1236 ;-0.1278 ;0.0041 ;-0.0047 ;-0.0048 ;0.0002 ;#NOMBRE!;#NOMBRE!
54;-0.1283 ;-0.1326 ;0.0043 ;-0.0048 ;-0.0049 ;0.0002 ;#NOMBRE!;#NOMBRE!
55;-0.1331 ;-0.1376 ;0.0045 ;-0.0048 ;-0.0050 ;0.0002 ;#NOMBRE!;#NOMBRE!
56;-0.1380 ;-0.1426 ;0.0046 ;-0.0049 ;-0.0051 ;0.0002 ;#NOMBRE!;#NOMBRE!
57;-0.1430 ;-0.1478 ;0.0048 ;-0.0050 ;-0.0052 ;0.0002 ;#NOMBRE!;#NOMBRE!
58;-0.1481 ;-0.1530 ;0.0049 ;-0.0051 ;-0.0053 ;0.0002 ;#NOMBRE!;#NOMBRE!
59;-0.1532 ;-0.1583 ;0.0051 ;-0.0052 ;-0.0054 ;0.0002 ;#NOMBRE!;#NOMBRE!
60;-0.1585 ;-0.1637 ;0.0053 ;-0.0053 ;-0.0055 ;0.0002 ;#NOMBRE!;#NOMBRE!
61;-0.1638 ;-0.1693 ;0.0055 ;-0.0054 ;-0.0055 ;0.0002 ;#NOMBRE!;#NOMBRE!
62;-0.1692 ;-0.1748 ;0.0056 ;-0.0055 ;-0.0056 ;0.0002 ;#NOMBRE!;#NOMBRE!
63;-0.1747 ;-0.1805 ;0.0058 ;-0.0055 ;-0.0057 ;0.0002 ;#NOMBRE!;#NOMBRE!
64;-0.1803 ;-0.1863 ;0.0060 ;-0.0056 ;-0.0058 ;0.0002 ;#NOMBRE!;#NOMBRE!
65;-0.1860 ;-0.1922 ;0.0062 ;-0.0057 ;-0.0059 ;0.0002 ;#NOMBRE!;#NOMBRE!
66;-0.1918 ;-0.1981 ;0.0064 ;-0.0058 ;-0.0060 ;0.0002 ;#NOMBRE!;#NOMBRE!
67;-0.1976 ;-0.2042 ;0.0066 ;-0.0059 ;-0.0061 ;0.0002 ;#NOMBRE!;#NOMBRE!
68;-0.2036 ;-0.2103 ;0.0068 ;-0.0060 ;-0.0062 ;0.0002 ;#NOMBRE!;#NOMBRE!
69;-0.2096 ;-0.2166 ;0.0070 ;-0.0061 ;-0.0063 ;0.0002 ;#NOMBRE!;#NOMBRE!
70;-0.2157 ;-0.2229 ;0.0072 ;-0.0062 ;-0.0064 ;0.0002 ;#NOMBRE!;#NOMBRE!
71;-0.2219 ;-0.2293 ;0.0074 ;-0.0063 ;-0.0065 ;0.0002 ;#NOMBRE!;#NOMBRE!
72;-0.2282 ;-0.2358 ;0.0076 ;-0.0063 ;-0.0065 ;0.0002 ;#NOMBRE!;#NOMBRE!
73;-0.2346 ;-0.2424 ;0.0078 ;-0.0064 ;-0.0066 ;0.0002 ;#NOMBRE!;#NOMBRE!
74;-0.2411 ;-0.2491 ;0.0080 ;-0.0065 ;-0.0067 ;0.0002 ;#NOMBRE!;#NOMBRE!
75;-0.2477 ;-0.2559 ;0.0082 ;-0.0066 ;-0.0068 ;0.0002 ;#NOMBRE!;#NOMBRE!
76;-0.2543 ;-0.2627 ;0.0084 ;-0.0067 ;-0.0069 ;0.0002 ;#NOMBRE!;#NOMBRE!
77;-0.2611 ;-0.2697 ;0.0086 ;-0.0068 ;-0.0070 ;0.0002 ;#NOMBRE!;#NOMBRE!
78;-0.2679 ;-0.2767 ;0.0088 ;-0.0069 ;-0.0071 ;0.0002 ;#NOMBRE!;#NOMBRE!
79;-0.2748089;-0.283874;0.00906511;-0.006963183;-0.007186776;0.000223593;#NOMBRE!;#NOMBRE!
80;-0.2818163;-0.2911062;0.009289967;-0.007051634;-0.007277752;0.000226118;#NOMBRE!;#NOMBRE!
81;-0.2889121;-0.2984295;0.009517343;-0.007140097;-0.007368729;0.000228632;#NOMBRE!;#NOMBRE!
82;-0.2960965;-0.3058437;0.009747228;-0.007228571;-0.007459706;0.000231135;#NOMBRE!;#NOMBRE!
83;-0.3033693;-0.3133489;0.009979609;-0.007317058;-0.007550683;0.000233626;#NOMBRE!;#NOMBRE!
84;-0.3107306;-0.3209451;0.01021447;-0.007405556;-0.007641661;0.000236105;#NOMBRE!;#NOMBRE!
85;-0.3181804;-0.3286322;0.01045181;-0.007494067;-0.007732638;0.000238571;#NOMBRE!;#NOMBRE!
86;-0.3257187;-0.3364103;0.01069161;-0.00758259;-0.007823616;0.000241026;#NOMBRE!;#NOMBRE!
87;-0.3333456;-0.3442794;0.01093386;-0.007671126;-0.007914594;0.000243468;#NOMBRE!;#NOMBRE!
88;-0.341061;-0.3522395;0.01117854;-0.007759674;-0.008005572;0.000245898;#NOMBRE!;#NOMBRE!
89;-0.3488649;-0.3602906;0.01142565;-0.007848236;-0.00809655;0.000248315;#NOMBRE!;#NOMBRE!
90;-0.3567575;-0.3684326;0.01167517;-0.00793681;-0.008187529;0.000250719;#NOMBRE!;#NOMBRE!
91;-0.3647386;-0.3766656;0.01192709;-0.008025398;-0.008278508;0.00025311;#NOMBRE!;#NOMBRE!
92;-0.3728083;-0.3849896;0.01218139;-0.008113998;-0.008369487;0.000255488;#NOMBRE!;#NOMBRE!
93;-0.3809666;-0.3934046;0.01243806;-0.008202612;-0.008460466;0.000257853;#NOMBRE!;#NOMBRE!
94;-0.3892135;-0.4019106;0.01269709;-0.00829124;-0.008551445;0.000260205;#NOMBRE!;#NOMBRE!
95;-0.397549;-0.4105075;0.01295846;-0.008379882;-0.008642425;0.000262543;#NOMBRE!;#NOMBRE!
96;-0.4059733;-0.4191954;0.01322217;-0.008468537;-0.008733404;0.000264868;#NOMBRE!;#NOMBRE!
97;-0.4144861;-0.4279743;0.01348819;-0.008557206;-0.008824384;0.000267178;#NOMBRE!;#NOMBRE!
98;-0.4230877;-0.4368442;0.01375652;-0.00864589;-0.008915365;0.000269475;#NOMBRE!;#NOMBRE!
99;-0.4317779;-0.445805;0.01402714;-0.008734587;-0.009006345;0.000271758;#NOMBRE!;#NOMBRE!
100;-0.4405568;-0.4548569;0.01430003;-0.0088233;-0.009097326;0.000274026;#NOMBRE!;#NOMBRE!
101;-0.4494245;-0.4639997;0.01457519;-0.008912026;-0.009188307;0.00027628;#NOMBRE!;#NOMBRE!
102;-0.4583809;-0.4732335;0.01485259;-0.009000768;-0.009279288;0.00027852;#NOMBRE!;#NOMBRE!
103;-0.4674261;-0.4825583;0.01513222;-0.009089525;-0.009370269;0.000280745;#NOMBRE!;#NOMBRE!
104;-0.47656;-0.491974;0.01541407;-0.009178296;-0.009461251;0.000282955;#NOMBRE!;#NOMBRE!
105;-0.4857826;-0.5014808;0.01569813;-0.009267083;-0.009552233;0.00028515;#NOMBRE!;#NOMBRE!
106;-0.4950941;-0.5110785;0.01598437;-0.009355885;-0.009643215;0.00028733;#NOMBRE!;#NOMBRE!
107;-0.5044944;-0.5207672;0.01627278;-0.009444702;-0.009734197;0.000289495;#NOMBRE!;#NOMBRE!
108;-0.5139835;-0.5305469;0.01656335;-0.009533535;-0.00982518;0.000291644;#NOMBRE!;#NOMBRE!
109;-0.5235615;-0.5404176;0.01685606;-0.009622384;-0.009916162;0.000293778;#NOMBRE!;#NOMBRE!
110;-0.5332283;-0.5503792;0.0171509;-0.009711249;-0.01000715;0.000295897;#NOMBRE!;#NOMBRE!
111;-0.542984;-0.5604319;0.01744785;-0.00980013;-0.01009813;0.000297999;#NOMBRE!;#NOMBRE!
112;-0.5528286;-0.5705755;0.0177469;-0.009889027;-0.01018911;0.000300086;#NOMBRE!;#NOMBRE!
113;-0.5627621;-0.5808101;0.01804802;-0.00997794;-0.0102801;0.000302156;#NOMBRE!;#NOMBRE!
114;-0.5727845;-0.5911357;0.0183512;-0.01006687;-0.01037108;0.00030421;#NOMBRE!;#NOMBRE!
115;-0.5828958;-0.6015522;0.01865643;-0.01015582;-0.01046206;0.000306248;#NOMBRE!;#NOMBRE!
116;-0.5930961;-0.6120598;0.01896369;-0.01024478;-0.01055305;0.000308269;#NOMBRE!;#NOMBRE!
117;-0.6033854;-0.6226583;0.01927297;-0.01033376;-0.01064403;0.000310274;#NOMBRE!;#NOMBRE!
118;-0.6137636;-0.6333479;0.01958424;-0.01042276;-0.01073502;0.000312262;#NOMBRE!;#NOMBRE!
119;-0.6242309;-0.6441284;0.01989748;-0.01051177;-0.010826;0.000314233;#NOMBRE!;#NOMBRE!
120;-0.6347872;-0.6549999;0.0202127;-0.0106008;-0.01091699;0.000316186;#NOMBRE!;#NOMBRE!
121;-0.6454325;-0.6659624;0.02052985;-0.01068985;-0.01100798;0.000318123;#NOMBRE!;#NOMBRE!
122;-0.6561669;-0.6770158;0.02084894;-0.01077892;-0.01109896;0.000320042;#NOMBRE!;#NOMBRE!
123;-0.6669903;-0.6881603;0.02116993;-0.010868;-0.01118995;0.000321944;#NOMBRE!;#NOMBRE!
124;-0.6779029;-0.6993957;0.02149282;-0.01095711;-0.01128094;0.000323828;#NOMBRE!;#NOMBRE!
125;-0.6889046;-0.7107221;0.02181758;-0.01104623;-0.01137192;0.000325694;#NOMBRE!;#NOMBRE!
126;-0.6999954;-0.7221396;0.0221442;-0.01113537;-0.01146291;0.000327542;#NOMBRE!;#NOMBRE!
127;-0.7111753;-0.733648;0.02247266;-0.01122453;-0.0115539;0.000329372;#NOMBRE!;#NOMBRE!
128;-0.7224444;-0.7452474;0.02280294;-0.0113137;-0.01164488;0.000331184;#NOMBRE!;#NOMBRE!
129;-0.7338027;-0.7569377;0.02313502;-0.0114029;-0.01173587;0.000332977;#NOMBRE!;#NOMBRE!
130;-0.7452502;-0.7687191;0.02346888;-0.01149211;-0.01182686;0.000334752;#NOMBRE!;#NOMBRE!
131;-0.7567869;-0.7805915;0.02380452;-0.01158134;-0.01191785;0.000336508;#NOMBRE!;#NOMBRE!
132;-0.7684129;-0.7925548;0.02414189;-0.01167059;-0.01200884;0.000338245;#NOMBRE!;#NOMBRE!
133;-0.7801281;-0.8046091;0.024481;-0.01175986;-0.01209983;0.000339964;#NOMBRE!;#NOMBRE!
134;-0.7919326;-0.8167545;0.02482181;-0.01184915;-0.01219082;0.000341663;#NOMBRE!;#NOMBRE!
135;-0.8038265;-0.8289908;0.02516432;-0.01193846;-0.01228181;0.000343343;#NOMBRE!;#NOMBRE!
136;-0.8158096;-0.8413181;0.02550849;-0.01202779;-0.0123728;0.000345004;#NOMBRE!;#NOMBRE!
137;-0.8278821;-0.8537364;0.02585432;-0.01211714;-0.01246379;0.000346645;#NOMBRE!;#NOMBRE!
138;-0.8400439;-0.8662457;0.02620178;-0.01220651;-0.01255478;0.000348266;#NOMBRE!;#NOMBRE!
139;-0.8522951;-0.8788459;0.02655085;-0.0122959;-0.01264577;0.000349868;#NOMBRE!;#NOMBRE!
140;-0.8646357;-0.8915372;0.02690151;-0.01238531;-0.01273676;0.000351449;#NOMBRE!;#NOMBRE!
141;-0.8770657;-0.9043195;0.02725374;-0.01247474;-0.01282775;0.000353011;#NOMBRE!;#NOMBRE!
142;-0.8895852;-0.9171927;0.02760752;-0.01256419;-0.01291875;0.000354552;#NOMBRE!;#NOMBRE!
143;-0.9021941;-0.9301569;0.02796284;-0.01265367;-0.01300974;0.000356073;#NOMBRE!;#NOMBRE!
144;-0.9148925;-0.9432122;0.02831966;-0.01274316;-0.01310073;0.000357573;#NOMBRE!;#NOMBRE!
145;-0.9276804;-0.9563584;0.02867797;-0.01283267;-0.01319172;0.000359053;#NOMBRE!;#NOMBRE!
146;-0.9405579;-0.9695956;0.02903776;-0.01292221;-0.01328272;0.000360511;#NOMBRE!;#NOMBRE!
147;-0.9535249;-0.9829238;0.02939899;-0.01301176;-0.01337371;0.000361949;#NOMBRE!;#NOMBRE!
148;-0.9665814;-0.9963431;0.02976165;-0.01310134;-0.01346471;0.000363366;#NOMBRE!;#NOMBRE!
149;-0.9797275;-1.009853;0.03012571;-0.01319094;-0.0135557;0.000364761;#NOMBRE!;#NOMBRE!
150;-0.9929633;-1.023454;0.03049116;-0.01328056;-0.01364669;0.000366135;#NOMBRE!;#NOMBRE!
151;-1.006289;-1.037147;0.03085798;-0.0133702;-0.01373769;0.000367487;#NOMBRE!;#NOMBRE!
152;-1.019704;-1.05093;0.03122613;-0.01345987;-0.01382869;0.000368818;#NOMBRE!;#NOMBRE!
153;-1.033208;-1.064804;0.03159561;-0.01354955;-0.01391968;0.000370127;#NOMBRE!;#NOMBRE!
154;-1.046803;-1.078769;0.03196638;-0.01363926;-0.01401068;0.000371414;#NOMBRE!;#NOMBRE!
155;-1.060487;-1.092825;0.03233843;-0.01372899;-0.01410167;0.000372679;#NOMBRE!;#NOMBRE!
156;-1.074261;-1.106973;0.03271173;-0.01381875;-0.01419267;0.000373921;#NOMBRE!;#NOMBRE!
157;-1.0881 ;-1.1212 ;0.0331 ;-0.0139 ;-0.0143 ;0.0004 ;#NOMBRE!;#NOMBRE!
158;-1.1021 ;-1.1355 ;0.0335 ;-0.0140 ;-0.0144 ;0.0004 ;#NOMBRE!;#NOMBRE!
159;-1.1161 ;-1.1500 ;0.0338 ;-0.0141 ;-0.0145 ;0.0004 ;#NOMBRE!;#NOMBRE!
160;-1.1303 ;-1.1645 ;0.0342 ;-0.0142 ;-0.0146 ;0.0004 ;#NOMBRE!;#NOMBRE!
161;-1.1445 ;-1.1791 ;0.0346 ;-0.0143 ;-0.0146 ;0.0004 ;#NOMBRE!;#NOMBRE!
162;-1.1588 ;-1.1938 ;0.0350 ;-0.0144 ;-0.0147 ;0.0004 ;#NOMBRE!;#NOMBRE!
163;-1.1732 ;-1.2086 ;0.0354 ;-0.0144 ;-0.0148 ;0.0004 ;#NOMBRE!;#NOMBRE!
164;-1.1877 ;-1.2234 ;0.0357 ;-0.0145 ;-0.0149 ;0.0004 ;#NOMBRE!;#NOMBRE!
165;-1.2023 ;-1.2384 ;0.0361 ;-0.0146 ;-0.0150 ;0.0004 ;#NOMBRE!;#NOMBRE!
166;-1.2169 ;-1.2534 ;0.0365 ;-0.0147 ;-0.0151 ;0.0004 ;#NOMBRE!;#NOMBRE!
167;-1.2317 ;-1.2686 ;0.0369 ;-0.0148 ;-0.0152 ;0.0004 ;#NOMBRE!;#NOMBRE!
168;-1.2466 ;-1.2838 ;0.0373 ;-0.0149 ;-0.0153 ;0.0004 ;#NOMBRE!;#NOMBRE!
169;-1.2615 ;-1.2992 ;0.0377 ;-0.0150 ;-0.0154 ;0.0004 ;#NOMBRE!;#NOMBRE!
170;-1.2765 ;-1.3146 ;0.0381 ;-0.0151 ;-0.0155 ;0.0004 ;#NOMBRE!;#NOMBRE!
171;-1.2917 ;-1.3301 ;0.0384 ;-0.0152 ;-0.0156 ;0.0004 ;#NOMBRE!;#NOMBRE!
172;-1.3069 ;-1.3457 ;0.0388 ;-0.0153 ;-0.0156 ;0.0004 ;#NOMBRE!;#NOMBRE!
173;-1.3222 ;-1.3614 ;0.0392 ;-0.0153 ;-0.0157 ;0.0004 ;#NOMBRE!;#NOMBRE!
174;-1.3376 ;-1.3772 ;0.0396 ;-0.0154 ;-0.0158 ;0.0004 ;#NOMBRE!;#NOMBRE!
175;-1.3530 ;-1.3931 ;0.0400 ;-0.0155 ;-0.0159 ;0.0004 ;#NOMBRE!;#NOMBRE!
176;-1.3686 ;-1.4090 ;0.0404 ;-0.0156 ;-0.0160 ;0.0004 ;#NOMBRE!;#NOMBRE!
177;-1.3843 ;-1.4251 ;0.0408 ;-0.0157 ;-0.0161 ;0.0004 ;#NOMBRE!;#NOMBRE!
178;-1.4000 ;-1.4412 ;0.0412 ;-0.0158 ;-0.0162 ;0.0004 ;#NOMBRE!;#NOMBRE!
179;-1.4159 ;-1.4575 ;0.0416 ;-0.0159 ;-0.0163 ;0.0004 ;#NOMBRE!;#NOMBRE!
180;-1.4318 ;-1.4738 ;0.0420 ;-0.0160 ;-0.0164 ;0.0004 ;#NOMBRE!;#NOMBRE!
181;-1.4478 ;-1.4902 ;0.0424 ;-0.0161 ;-0.0165 ;0.0004 ;#NOMBRE!;#NOMBRE!
182;-1.4640 ;-1.5067 ;0.0428 ;-0.0162 ;-0.0166 ;0.0004 ;#NOMBRE!;#NOMBRE!
183;-1.4802 ;-1.5233 ;0.0432 ;-0.0163 ;-0.0166 ;0.0004 ;#NOMBRE!;#NOMBRE!
184;-1.4965 ;-1.5400 ;0.0436 ;-0.0163 ;-0.0167 ;0.0004 ;#NOMBRE!;#NOMBRE!
185;-1.5128 ;-1.5568 ;0.0440 ;-0.0164 ;-0.0168 ;0.0004 ;#NOMBRE!;#NOMBRE!
186;-1.5293 ;-1.5737 ;0.0444 ;-0.0165 ;-0.0169 ;0.0004 ;#NOMBRE!;#NOMBRE!
187;-1.5459 ;-1.5907 ;0.0448 ;-0.0166 ;-0.0170 ;0.0004 ;#NOMBRE!;#NOMBRE!
188;-1.5626 ;-1.6077 ;0.0452 ;-0.0167 ;-0.0171 ;0.0004 ;#NOMBRE!;#NOMBRE!
189;-1.5793 ;-1.6249 ;0.0456 ;-0.0168 ;-0.0172 ;0.0004 ;#NOMBRE!;#NOMBRE!
190;-1.5961 ;-1.6421 ;0.0460 ;-0.0169 ;-0.0173 ;0.0004 ;#NOMBRE!;#NOMBRE!
191;-1.6131 ;-1.6595 ;0.0464 ;-0.0170 ;-0.0174 ;0.0004 ;#NOMBRE!;#NOMBRE!
192;-1.6301 ;-1.6769 ;0.0468 ;-0.0171 ;-0.0175 ;0.0004 ;#NOMBRE!;#NOMBRE!
193;-1.6472 ;-1.6944 ;0.0472 ;-0.0172 ;-0.0176 ;0.0004 ;#NOMBRE!;#NOMBRE!
194;-1.6644 ;-1.7120 ;0.0476 ;-0.0172 ;-0.0177 ;0.0004 ;#NOMBRE!;#NOMBRE!
195;-1.6817 ;-1.7297 ;0.0480 ;-0.0173 ;-0.0177 ;0.0004 ;#NOMBRE!;#NOMBRE!
196;-1.6991 ;-1.7475 ;0.0484 ;-0.0174 ;-0.0178 ;0.0004 ;#NOMBRE!;#NOMBRE!
197;-1.7166 ;-1.7654 ;0.0488 ;-0.0175 ;-0.0179 ;0.0004 ;#NOMBRE!;#NOMBRE!
198;-1.7341 ;-1.7833 ;0.0492 ;-0.0176 ;-0.0180 ;0.0004 ;#NOMBRE!;#NOMBRE!
199;-1.7518 ;-1.8014 ;0.0496 ;-0.0177 ;-0.0181 ;0.0004 ;#NOMBRE!;#NOMBRE!
200;-1.7695 ;-1.8195 ;0.0500 ;-0.0178 ;-0.0182 ;0.0004 ;#NOMBRE!;#NOMBRE!
201;-1.7874 ;-1.8378 ;0.0504 ;-0.0179 ;-0.0183 ;0.0004 ;#NOMBRE!;#NOMBRE!
202;-1.8053 ;-1.8561 ;0.0508 ;-0.0180 ;-0.0184 ;0.0004 ;#NOMBRE!;#NOMBRE!
203;-1.8233 ;-1.8745 ;0.0512 ;-0.0181 ;-0.0185 ;0.0004 ;#NOMBRE!;#NOMBRE!
204;-1.8414 ;-1.8931 ;0.0516 ;-0.0182 ;-0.0186 ;0.0004 ;#NOMBRE!;#NOMBRE!
205;-1.8596 ;-1.9117 ;0.0520 ;-0.0182 ;-0.0187 ;0.0004 ;#NOMBRE!;#NOMBRE!
206;-1.8779 ;-1.9304 ;0.0524 ;-0.0183 ;-0.0187 ;0.0004 ;#NOMBRE!;#NOMBRE!
207;-1.8963 ;-1.9491 ;0.0528 ;-0.0184 ;-0.0188 ;0.0004 ;#NOMBRE!;#NOMBRE!
208;-1.9148 ;-1.9680 ;0.0533 ;-0.0185 ;-0.0189 ;0.0004 ;#NOMBRE!;#NOMBRE!
209;-1.9333 ;-1.9870 ;0.0537 ;-0.0186 ;-0.0190 ;0.0004 ;#NOMBRE!;#NOMBRE!
210;-1.9520 ;-2.0061 ;0.0541 ;-0.0187 ;-0.0191 ;0.0004 ;#NOMBRE!;#NOMBRE!
211;-1.9708 ;-2.0252 ;0.0545 ;-0.0188 ;-0.0192 ;0.0004 ;#NOMBRE!;#NOMBRE!
212;-1.9896 ;-2.0445 ;0.0549 ;-0.0189 ;-0.0193 ;0.0004 ;#NOMBRE!;#NOMBRE!
213;-2.0085 ;-2.0638 ;0.0553 ;-0.0190 ;-0.0194 ;0.0004 ;#NOMBRE!;#NOMBRE!
214;-2.0275 ;-2.0832 ;0.0557 ;-0.0191 ;-0.0195 ;0.0004 ;#NOMBRE!;#NOMBRE!
215;-2.0467 ;-2.1027 ;0.0561 ;-0.0192 ;-0.0196 ;0.0004 ;#NOMBRE!;#NOMBRE!
216;-2.0659 ;-2.1223 ;0.0565 ;-0.0193 ;-0.0197 ;0.0004 ;#NOMBRE!;#NOMBRE!
217;-2.0852 ;-2.1420 ;0.0569 ;-0.0193 ;-0.0197 ;0.0004 ;#NOMBRE!;#NOMBRE!
218;-2.1045 ;-2.1618 ;0.0573 ;-0.0194 ;-0.0198 ;0.0004 ;#NOMBRE!;#NOMBRE!
219;-2.1240 ;-2.1817 ;0.0577 ;-0.0195 ;-0.0199 ;0.0004 ;#NOMBRE!;#NOMBRE!
220;-2.1436 ;-2.2017 ;0.0581 ;-0.0196 ;-0.0200 ;0.0004 ;#NOMBRE!;#NOMBRE!
221;-2.1633 ;-2.2217 ;0.0585 ;-0.0197 ;-0.0201 ;0.0004 ;#NOMBRE!;#NOMBRE!
222;-2.1830 ;-2.2419 ;0.0589 ;-0.0198 ;-0.0202 ;0.0004 ;#NOMBRE!;#NOMBRE!
223;-2.2029 ;-2.2621 ;0.0593 ;-0.0199 ;-0.0203 ;0.0004 ;#NOMBRE!;#NOMBRE!
224;-2.2228 ;-2.2825 ;0.0597 ;-0.0200 ;-0.0204 ;0.0004 ;#NOMBRE!;#NOMBRE!
225;-2.2428 ;-2.3029 ;0.0601 ;-0.0201 ;-0.0205 ;0.0004 ;#NOMBRE!;#NOMBRE!
226;-2.2629 ;-2.3234 ;0.0605 ;-0.0202 ;-0.0206 ;0.0004 ;#NOMBRE!;#NOMBRE!
227;-2.2832 ;-2.3440 ;0.0609 ;-0.0203 ;-0.0207 ;0.0004 ;#NOMBRE!;#NOMBRE!
228;-2.3035 ;-2.3647 ;0.0613 ;-0.0203 ;-0.0207 ;0.0004 ;#NOMBRE!;#NOMBRE!
229;-2.3239 ;-2.3855 ;0.0617 ;-0.0204 ;-0.0208 ;0.0004 ;#NOMBRE!;#NOMBRE!
230;-2.3443 ;-2.4064 ;0.0621 ;-0.0205 ;-0.0209 ;0.0004 ;#NOMBRE!;#NOMBRE!
231;-2.3649 ;-2.4274 ;0.0625 ;-0.0206 ;-0.0210 ;0.0004 ;#NOMBRE!;#NOMBRE!
232;-2.3856 ;-2.4484 ;0.0628 ;-0.0207 ;-0.0211 ;0.0004 ;#NOMBRE!;#NOMBRE!
233;-2.4064 ;-2.4696 ;0.0632 ;-0.0208 ;-0.0212 ;0.0004 ;#NOMBRE!;#NOMBRE!
234;-2.4272 ;-2.4908 ;0.0636 ;-0.0209 ;-0.0213 ;0.0004 ;#NOMBRE!;#NOMBRE!
235;-2.4482 ;-2.5122 ;0.0640 ;-0.0210 ;-0.0214 ;0.0004 ;#NOMBRE!;#NOMBRE!
236;-2.4692 ;-2.5336 ;0.0644 ;-0.0211 ;-0.0215 ;0.0004 ;#NOMBRE!;#NOMBRE!
237;-2.4903 ;-2.5551 ;0.0648 ;-0.0212 ;-0.0216 ;0.0004 ;#NOMBRE!;#NOMBRE!
238;-2.5116 ;-2.5767 ;0.0652 ;-0.0213 ;-0.0217 ;0.0004 ;#NOMBRE!;#NOMBRE!
239;-2.5329 ;-2.5984 ;0.0656 ;-0.0214 ;-0.0217 ;0.0004 ;#NOMBRE!;#NOMBRE!
240;-2.5543 ;-2.6202 ;0.0660 ;-0.0215 ;-0.0218 ;0.0004 ;#NOMBRE!;#NOMBRE!
241;-2.5758 ;-2.6421 ;0.0663 ;-0.0215 ;-0.0219 ;0.0004 ;#NOMBRE!;#NOMBRE!
242;-2.5974 ;-2.6641 ;0.0667 ;-0.0216 ;-0.0220 ;0.0004 ;#NOMBRE!;#NOMBRE!
243;-2.6191 ;-2.6862 ;0.0671 ;-0.0217 ;-0.0221 ;0.0004 ;#NOMBRE!;#NOMBRE!
244;-2.6408 ;-2.7083 ;0.0675 ;-0.0218 ;-0.0222 ;0.0004 ;#NOMBRE!;#NOMBRE!
245;-2.6627 ;-2.7306 ;0.0679 ;-0.0219 ;-0.0223 ;0.0004 ;#NOMBRE!;#NOMBRE!
246;-2.6847 ;-2.7529 ;0.0682 ;-0.0220 ;-0.0224 ;0.0004 ;#NOMBRE!;#NOMBRE!
247;-2.7067 ;-2.7753 ;0.0686 ;-0.0221 ;-0.0225 ;0.0004 ;#NOMBRE!;#NOMBRE!
248;-2.7289 ;-2.7979 ;0.0690 ;-0.0222 ;-0.0226 ;0.0004 ;#NOMBRE!;#NOMBRE!
249;-2.7511 ;-2.8205 ;0.0694 ;-0.0223 ;-0.0227 ;0.0004 ;#NOMBRE!;#NOMBRE!
250;-2.7734 ;-2.8432 ;0.0697 ;-0.0224 ;-0.0227 ;0.0004 ;#NOMBRE!;#NOMBRE!
251;-2.7959 ;-2.8660 ;0.0701 ;-0.0225 ;-0.0228 ;0.0004 ;#NOMBRE!;#NOMBRE!
252;-2.8184 ;-2.8888 ;0.0705 ;-0.0226 ;-0.0229 ;0.0004 ;#NOMBRE!;#NOMBRE!
253;-2.8410 ;-2.9118 ;0.0708 ;-0.0227 ;-0.0230 ;0.0004 ;#NOMBRE!;#NOMBRE!
254;-2.8637 ;-2.9349 ;0.0712 ;-0.0227 ;-0.0231 ;0.0004 ;#NOMBRE!;#NOMBRE!
255;-2.8865 ;-2.9580 ;0.0716 ;-0.0228 ;-0.0232 ;0.0004 ;#NOMBRE!;#NOMBRE!
256;-2.9094 ;-2.9813 ;0.0719 ;-0.0229 ;-0.0233 ;0.0004 ;#NOMBRE!;#NOMBRE!
257;-2.9323 ;-3.0046 ;0.0723 ;-0.0230 ;-0.0234 ;0.0004 ;#NOMBRE!;#NOMBRE!
258;-2.9554 ;-3.0281 ;0.0726 ;-0.0231 ;-0.0235 ;0.0004 ;#NOMBRE!;#NOMBRE!
259;-2.9786 ;-3.0516 ;0.0730 ;-0.0232 ;-0.0236 ;0.0004 ;#NOMBRE!;#NOMBRE!
260;-3.0018 ;-3.0752 ;0.0734 ;-0.0233 ;-0.0237 ;0.0004 ;#NOMBRE!;#NOMBRE!
261;-3.0252 ;-3.0989 ;0.0737 ;-0.0234 ;-0.0237 ;0.0004 ;#NOMBRE!;#NOMBRE!
262;-3.0486 ;-3.1227 ;0.0741 ;-0.0235 ;-0.0238 ;0.0003 ;#NOMBRE!;#NOMBRE!
263;-3.0722 ;-3.1466 ;0.0744 ;-0.0236 ;-0.0239 ;0.0003 ;#NOMBRE!;#NOMBRE!
264;-3.0958 ;-3.1706 ;0.0748 ;-0.0237 ;-0.0240 ;0.0003 ;#NOMBRE!;#NOMBRE!
265;-3.1195 ;-3.1946 ;0.0751 ;-0.0238 ;-0.0241 ;0.0003 ;#NOMBRE!;#NOMBRE!
266;-3.1433 ;-3.2188 ;0.0754 ;-0.0239 ;-0.0242 ;0.0003 ;#NOMBRE!;#NOMBRE!
267;-3.1673 ;-3.2430 ;0.0758 ;-0.0240 ;-0.0243 ;0.0003 ;#NOMBRE!;#NOMBRE!
268;-3.1913 ;-3.2674 ;0.0761 ;-0.0240 ;-0.0244 ;0.0003 ;#NOMBRE!;#NOMBRE!
269;-3.2154 ;-3.2918 ;0.0765 ;-0.0241 ;-0.0245 ;0.0003 ;#NOMBRE!;#NOMBRE!
270;-3.2395 ;-3.3163 ;0.0768 ;-0.0242 ;-0.0246 ;0.0003 ;#NOMBRE!;#NOMBRE!
271;-3.2638 ;-3.3410 ;0.0771 ;-0.0243 ;-0.0247 ;0.0003 ;#NOMBRE!;#NOMBRE!
272;-3.2882 ;-3.3657 ;0.0775 ;-0.0244 ;-0.0248 ;0.0003 ;#NOMBRE!;#NOMBRE!
273;-3.3127 ;-3.3905 ;0.0778 ;-0.0245 ;-0.0248 ;0.0003 ;#NOMBRE!;#NOMBRE!
274;-3.3372 ;-3.4153 ;0.0781 ;-0.0246 ;-0.0249 ;0.0003 ;#NOMBRE!;#NOMBRE!
275;-3.3619 ;-3.4403 ;0.0784 ;-0.0247 ;-0.0250 ;0.0003 ;#NOMBRE!;#NOMBRE!
276;-3.3866 ;-3.4654 ;0.0788 ;-0.0248 ;-0.0251 ;0.0003 ;#NOMBRE!;#NOMBRE!
277;-3.4115 ;-3.4906 ;0.0791 ;-0.0249 ;-0.0252 ;0.0003 ;#NOMBRE!;#NOMBRE!
278;-3.4364 ;-3.5158 ;0.0794 ;-0.0250 ;-0.0253 ;0.0003 ;#NOMBRE!;#NOMBRE!
279;-3.4615 ;-3.5411 ;0.0797 ;-0.0251 ;-0.0254 ;0.0003 ;#NOMBRE!;#NOMBRE!
280;-3.4866 ;-3.5666 ;0.0800 ;-0.0252 ;-0.0255 ;0.0003 ;#NOMBRE!;#NOMBRE!
281;-3.5118 ;-3.5921 ;0.0803 ;-0.0253 ;-0.0256 ;0.0003 ;#NOMBRE!;#NOMBRE!
282;-3.5371 ;-3.6177 ;0.0806 ;-0.0254 ;-0.0257 ;0.0003 ;#NOMBRE!;#NOMBRE!
283;-3.5625 ;-3.6434 ;0.0809 ;-0.0255 ;-0.0258 ;0.0003 ;#NOMBRE!;#NOMBRE!
284;-3.5880 ;-3.6692 ;0.0812 ;-0.0255 ;-0.0258 ;0.0003 ;#NOMBRE!;#NOMBRE!
285;-3.6136 ;-3.6951 ;0.0815 ;-0.0256 ;-0.0259 ;0.0003 ;#NOMBRE!;#NOMBRE!
286;-3.6393 ;-3.7211 ;0.0818 ;-0.0257 ;-0.0260 ;0.0003 ;#NOMBRE!;#NOMBRE!
287;-3.6651 ;-3.7472 ;0.0821 ;-0.0258 ;-0.0261 ;0.0003 ;#NOMBRE!;#NOMBRE!
288;-3.6909 ;-3.7733 ;0.0824 ;-0.0259 ;-0.0262 ;0.0003 ;#NOMBRE!;#NOMBRE!
289;-3.7169 ;-3.7996 ;0.0827 ;-0.0260 ;-0.0263 ;0.0003 ;#NOMBRE!;#NOMBRE!
290;-3.7430 ;-3.8259 ;0.0830 ;-0.0261 ;-0.0264 ;0.0003 ;#NOMBRE!;#NOMBRE!
291;-3.7691 ;-3.8524 ;0.0832 ;-0.0262 ;-0.0265 ;0.0003 ;#NOMBRE!;#NOMBRE!
292;-3.7954 ;-3.8789 ;0.0835 ;-0.0263 ;-0.0266 ;0.0003 ;#NOMBRE!;#NOMBRE!
293;-3.8217 ;-3.9055 ;0.0838 ;-0.0264 ;-0.0267 ;0.0003 ;#NOMBRE!;#NOMBRE!
294;-3.8482 ;-3.9322 ;0.0840 ;-0.0265 ;-0.0268 ;0.0003 ;#NOMBRE!;#NOMBRE!
295;-3.8747 ;-3.9590 ;0.0843 ;-0.0266 ;-0.0268 ;0.0003 ;#NOMBRE!;#NOMBRE!
296;-3.9013 ;-3.9859 ;0.0846 ;-0.0267 ;-0.0269 ;0.0003 ;#NOMBRE!;#NOMBRE!
297;-3.9281 ;-4.0129 ;0.0848 ;-0.0268 ;-0.0270 ;0.0003 ;#NOMBRE!;#NOMBRE!
298;-3.9549 ;-4.0400 ;0.0851 ;-0.0269 ;-0.0271 ;0.0003 ;#NOMBRE!;#NOMBRE!
299;-3.9818 ;-4.0671 ;0.0853 ;-0.0270 ;-0.0272 ;0.0003 ;#NOMBRE!;#NOMBRE!
300;-4.0088 ;-4.0944 ;0.0856 ;-0.0271 ;-0.0273 ;0.0002 ;#NOMBRE!;#NOMBRE!
301;-4.0359 ;-4.1217 ;0.0858 ;-0.0271 ;-0.0274 ;0.0002 ;#NOMBRE!;#NOMBRE!
302;-4.0631 ;-4.1492 ;0.0861 ;-0.0272 ;-0.0275 ;0.0002 ;#NOMBRE!;#NOMBRE!
303;-4.0904 ;-4.1767 ;0.0863 ;-0.0273 ;-0.0276 ;0.0002 ;#NOMBRE!;#NOMBRE!
304;-4.1178 ;-4.2043 ;0.0866 ;-0.0274 ;-0.0277 ;0.0002 ;#NOMBRE!;#NOMBRE!
305;-4.1452 ;-4.2320 ;0.0868 ;-0.0275 ;-0.0278 ;0.0002 ;#NOMBRE!;#NOMBRE!
306;-4.1728 ;-4.2598 ;0.0870 ;-0.0276 ;-0.0278 ;0.0002 ;#NOMBRE!;#NOMBRE!
307;-4.2005 ;-4.2877 ;0.0872 ;-0.0277 ;-0.0279 ;0.0002 ;#NOMBRE!;#NOMBRE!
308;-4.2283 ;-4.3157 ;0.0875 ;-0.0278 ;-0.0280 ;0.0002 ;#NOMBRE!;#NOMBRE!
309;-4.2561 ;-4.3438 ;0.0877 ;-0.0279 ;-0.0281 ;0.0002 ;#NOMBRE!;#NOMBRE!
310;-4.2841 ;-4.3720 ;0.0879 ;-0.0280 ;-0.0282 ;0.0002 ;#NOMBRE!;#NOMBRE!
311;-4.3121 ;-4.4002 ;0.0881 ;-0.0281 ;-0.0283 ;0.0002 ;#NOMBRE!;#NOMBRE!
312;-4.3403 ;-4.4286 ;0.0883 ;-0.0282 ;-0.0284 ;0.0002 ;#NOMBRE!;#NOMBRE!
313;-4.368502;-4.456999;0.08849666;-0.02828671;-0.028485;0.000198286;#NOMBRE!;#NOMBRE!
314;-4.396836;-4.485529;0.08869291;-0.02838188;-0.02857608;0.000194205;#NOMBRE!;#NOMBRE!
315;-4.425266;-4.514151;0.08888505;-0.02847709;-0.02866716;0.000190078;#NOMBRE!;#NOMBRE!
316;-4.453791;-4.542864;0.08907305;-0.02857234;-0.02875824;0.000185906;#NOMBRE!;#NOMBRE!
317;-4.482411;-4.571667;0.08925685;-0.02866764;-0.02884933;0.000181689;#NOMBRE!;#NOMBRE!
318;-4.511126;-4.600562;0.08943641;-0.02876299;-0.02894041;0.000177426;#NOMBRE!;#NOMBRE!
319;-4.539937;-4.629548;0.08961169;-0.02885838;-0.0290315;0.000173117;#NOMBRE!;#NOMBRE!
320;-4.568843;-4.658625;0.08978263;-0.02895382;-0.02912258;0.000168763;#NOMBRE!;#NOMBRE!
321;-4.597844;-4.687793;0.0899492;-0.0290493;-0.02921367;0.000164363;#NOMBRE!;#NOMBRE!
322;-4.626941;-4.717053;0.09011134;-0.02914484;-0.02930475;0.000159916;#NOMBRE!;#NOMBRE!
323;-4.656134;-4.746403;0.09026901;-0.02924042;-0.02939584;0.000155423;#NOMBRE!;#NOMBRE!
324;-4.685422;-4.775844;0.09042217;-0.02933604;-0.02948693;0.000150884;#NOMBRE!;#NOMBRE!
325;-4.714806;-4.805377;0.09057077;-0.02943172;-0.02957802;0.000146298;#NOMBRE!;#NOMBRE!
326;-4.744286;-4.835;0.09071475;-0.02952744;-0.0296691;0.000141666;#NOMBRE!;#NOMBRE!
327;-4.773861;-4.864715;0.09085408;-0.02962321;-0.02976019;0.000136987;#NOMBRE!;#NOMBRE!
328;-4.803532;-4.894521;0.09098871;-0.02971902;-0.02985129;0.000132261;#NOMBRE!;#NOMBRE!
329;-4.833299;-4.924418;0.09111859;-0.02981489;-0.02994238;0.000127487;#NOMBRE!;#NOMBRE!
330;-4.863162;-4.954405;0.09124367;-0.0299108;-0.03003347;0.000122667;#NOMBRE!;#NOMBRE!
331;-4.893121;-4.984484;0.09136391;-0.03000676;-0.03012456;0.000117798;#NOMBRE!;#NOMBRE!
332;-4.923175;-5.014655;0.09147925;-0.03010277;-0.03021566;0.000112883;#NOMBRE!;#NOMBRE!
333;-4.953326;-5.044916;0.09158966;-0.03019883;-0.03030675;0.000107919;#NOMBRE!;#NOMBRE!
334;-4.983573;-5.075268;0.09169507;-0.03029494;-0.03039785;0.000102908;#NOMBRE!;#NOMBRE!
335;-5.013916;-5.105711;0.09179546;-0.03039109;-0.03048894;9.7849E-05;#NOMBRE!;#NOMBRE!
336;-5.044355;-5.136246;0.09189076;-0.0304873;-0.03058004;9.27417E-05;#NOMBRE!;#NOMBRE!
337;-5.074891;-5.166872;0.09198092;-0.03058355;-0.03067114;8.75861E-05;#NOMBRE!;#NOMBRE!
338;-5.105522;-5.197588;0.09206591;-0.03067985;-0.03076223;8.23821E-05;#NOMBRE!;#NOMBRE!
339;-5.13625;-5.228396;0.09214567;-0.0307762;-0.03085333;7.71295E-05;#NOMBRE!;#NOMBRE!
340;-5.167075;-5.259295;0.09222015;-0.0308726;-0.03094443;7.18281E-05;#NOMBRE!;#NOMBRE!
341;-5.197996;-5.290285;0.09228931;-0.03096906;-0.03103553;6.6478E-05;#NOMBRE!;#NOMBRE!
342;-5.229013;-5.321366;0.09235309;-0.03106556;-0.03112663;6.10788E-05;#NOMBRE!;#NOMBRE!
343;-5.260127;-5.352538;0.09241145;-0.03116211;-0.03121774;5.56305E-05;#NOMBRE!;#NOMBRE!
344;-5.291337;-5.383801;0.09246434;-0.03125871;-0.03130884;5.01329E-05;#NOMBRE!;#NOMBRE!
345;-5.322644;-5.415156;0.0925117;-0.03135536;-0.03139994;4.45859E-05;#NOMBRE!;#NOMBRE!
346;-5.354048;-5.446601;0.09255349;-0.03145206;-0.03149105;3.89893E-05;#NOMBRE!;#NOMBRE!
347;-5.385548;-5.478138;0.09258966;-0.03154881;-0.03158215;3.3343E-05;#NOMBRE!;#NOMBRE!
348;-5.417145;-5.509766;0.09262016;-0.03164561;-0.03167326;2.76468E-05;#NOMBRE!;#NOMBRE!
349;-5.448839;-5.541484;0.09264494;-0.03174247;-0.03176437;2.19006E-05;#NOMBRE!;#NOMBRE!
350;-5.48063;-5.573294;0.09266395;-0.03183937;-0.03185547;1.61043E-05;#NOMBRE!;#NOMBRE!
351;-5.512518;-5.605195;0.09267713;-0.03193632;-0.03194658;1.02576E-05;#NOMBRE!;#NOMBRE!
352;-5.544503;-5.637188;0.09268445;-0.03203333;-0.03203769;4.36058E-06;#NOMBRE!;#NOMBRE!
353;-5.576585;-5.669271;0.09268584;-0.03213039;-0.0321288;1.58706E-06;#NOMBRE!;#NOMBRE!
354;-5.608764;-5.701445;0.09268125;-0.0322275;-0.03221991;7.58543E-06;#NOMBRE!;#NOMBRE!
355;-5.64104;-5.733711;0.09267065;-0.03232466;-0.03231102;1.36347E-05;#NOMBRE!;#NOMBRE!
356;-5.673413;-5.766067;0.09265397;-0.03242187;-0.03240214;1.97349E-05;#NOMBRE!;#NOMBRE!
357;-5.705884;-5.798515;0.09263116;-0.03251914;-0.03249325;2.58863E-05;#NOMBRE!;#NOMBRE!
358;-5.738451;-5.831054;0.09260218;-0.03261645;-0.03258436;0.000032089;#NOMBRE!;#NOMBRE!
359;-5.771117;-5.863684;0.09256697;-0.03271382;-0.03267548;3.83431E-05;#NOMBRE!;#NOMBRE!
360;-5.803879;-5.896405;0.09252548;-0.03281124;-0.03276659;4.46489E-05;#NOMBRE!;#NOMBRE!
361;-5.836739;-5.929217;0.09247765;-0.03290872;-0.03285771;5.10063E-05;#NOMBRE!;#NOMBRE!
362;-5.869697;-5.96212;0.09242345;-0.03300624;-0.03294883;5.74156E-05;#NOMBRE!;#NOMBRE!
363;-5.902752;-5.995114;0.0923628;-0.03310382;-0.03303995;6.3877E-05;#NOMBRE!;#NOMBRE!
364;-5.935904;-6.0282;0.09229567;-0.03320145;-0.03313106;7.03905E-05;#NOMBRE!;#NOMBRE!
365;-5.969155;-6.061377;0.092222;-0.03329914;-0.03322218;7.69563E-05;#NOMBRE!;#NOMBRE!
366;-6.002503;-6.094644;0.09214174;-0.03339688;-0.0333133;8.35745E-05;#NOMBRE!;#NOMBRE!
367;-6.035948;-6.128003;0.09205484;-0.03349467;-0.03340443;9.02454E-05;#NOMBRE!;#NOMBRE!
368;-6.069492;-6.161453;0.09196124;-0.03359252;-0.03349555;9.6969E-05;#NOMBRE!;#NOMBRE!
369;-6.103133;-6.194994;0.09186088;-0.03369042;-0.03358667;0.000103745;#NOMBRE!;#NOMBRE!
370;-6.136873;-6.228626;0.09175373;-0.03378837;-0.0336778;0.000110575;#NOMBRE!;#NOMBRE!
371;-6.17071;-6.26235;0.09163972;-0.03388638;-0.03376892;0.000117458;#NOMBRE!;#NOMBRE!
372;-6.204646;-6.296164;0.09151879;-0.03398444;-0.03386005;0.000124394;#NOMBRE!;#NOMBRE!
373;-6.238679;-6.33007;0.09139091;-0.03408255;-0.03395117;0.000131383;#NOMBRE!;#NOMBRE!
374;-6.272811;-6.364067;0.09125601;-0.03418073;-0.0340423;0.000138426;#NOMBRE!;#NOMBRE!
375;-6.307041;-6.398155;0.09111404;-0.03427895;-0.03413343;0.000145523;#NOMBRE!;#NOMBRE!
376;-6.341369;-6.432334;0.09096495;-0.03437723;-0.03422456;0.000152673;#NOMBRE!;#NOMBRE!
377;-6.375795;-6.466604;0.09080868;-0.03447556;-0.03431569;0.000159878;#NOMBRE!;#NOMBRE!
378;-6.41032;-6.500965;0.09064517;-0.03457395;-0.03440682;0.000167137;#NOMBRE!;#NOMBRE!
379;-6.444943;-6.535417;0.09047438;-0.0346724;-0.03449795;0.00017445;#NOMBRE!;#NOMBRE!
380;-6.479665;-6.569961;0.09029625;-0.0347709;-0.03458908;0.000181818;#NOMBRE!;#NOMBRE!
381;-6.514485;-6.604595;0.09011073;-0.03486945;-0.03468021;0.00018924;#NOMBRE!;#NOMBRE!
382;-6.549403;-6.639321;0.08991776;-0.03496806;-0.03477135;0.000196717;#NOMBRE!;#NOMBRE!
383;-6.584421;-6.674138;0.08971728;-0.03506673;-0.03486248;0.000204249;#NOMBRE!;#NOMBRE!
384;-6.619537;-6.709046;0.08950924;-0.03516545;-0.03495362;0.000211836;#NOMBRE!;#NOMBRE!
385;-6.654752;-6.744045;0.08929359;-0.03526423;-0.03504476;0.000219478;#NOMBRE!;#NOMBRE!
386;-6.690065;-6.779136;0.08907027;-0.03536307;-0.03513589;0.000227175;#NOMBRE!;#NOMBRE!
387;-6.725478;-6.814317;0.08883922;-0.03546196;-0.03522703;0.000234928;#NOMBRE!;#NOMBRE!
388;-6.760989;-6.84959;0.08860039;-0.03556091;-0.03531817;0.000242736;#NOMBRE!;#NOMBRE!
389;-6.7966;-6.884954;0.08835373;-0.03565991;-0.03540931;0.000250601;#NOMBRE!;#NOMBRE!
390;-6.832309;-6.920408;0.08809917;-0.03575897;-0.03550045;0.000258521;#NOMBRE!;#NOMBRE!
391;-6.868118;-6.955954;0.08783667;-0.03585809;-0.03559159;0.000266497;#NOMBRE!;#NOMBRE!
392;-6.904025;-6.991592;0.08756616;-0.03595727;-0.03568274;0.000274529;#NOMBRE!;#NOMBRE!
393;-6.940032;-7.02732;0.08728759;-0.0360565;-0.03577388;0.000282618;#NOMBRE!;#NOMBRE!
394;-6.976138;-7.063139;0.08700091;-0.03615579;-0.03586503;0.000290763;#NOMBRE!;#NOMBRE!
395;-7.012344;-7.09905;0.08670605;-0.03625514;-0.03595617;0.000298965;#NOMBRE!;#NOMBRE!
396;-7.048649;-7.135052;0.08640296;-0.03635454;-0.03604732;0.000307223;#NOMBRE!;#NOMBRE!
397;-7.085053;-7.171145;0.08609158;-0.036454;-0.03613846;0.000315539;#NOMBRE!;#NOMBRE!
398;-7.121557;-7.207329;0.08577186;-0.03655352;-0.03622961;0.000323911;#NOMBRE!;#NOMBRE!
399;-7.15816;-7.243604;0.08544374;-0.0366531;-0.03632076;0.000332341;#NOMBRE!;#NOMBRE!
400;-7.194863;-7.27997;0.08510716;-0.03675274;-0.03641191;0.000340828;#NOMBRE!;#NOMBRE!
401;-7.231666;-7.316428;0.08476207;-0.03685243;-0.03650306;0.000349372;#NOMBRE!;#NOMBRE!
402;-7.268568;-7.352976;0.0844084;-0.03695219;-0.03659421;0.000357974;#NOMBRE!;#NOMBRE!
403;-7.30557;-7.389616;0.0840461;-0.037052;-0.03668537;0.000366634;#NOMBRE!;#NOMBRE!
404;-7.342672;-7.426347;0.08367511;-0.03715187;-0.03677652;0.000375352;#NOMBRE!;#NOMBRE!
405;-7.379874;-7.463169;0.08329538;-0.0372518;-0.03686768;0.000384128;#NOMBRE!;#NOMBRE!
406;-7.417176;-7.500082;0.08290684;-0.03735179;-0.03695883;0.000392962;#NOMBRE!;#NOMBRE!
407;-7.454577;-7.537087;0.08250943;-0.03745184;-0.03704999;0.000401854;#NOMBRE!;#NOMBRE!
408;-7.492079;-7.574182;0.08210311;-0.03755195;-0.03714114;0.000410805;#NOMBRE!;#NOMBRE!
409;-7.529681;-7.611369;0.08168781;-0.03765212;-0.0372323;0.000419814;#NOMBRE!;#NOMBRE!
410;-7.567383;-7.648647;0.08126346;-0.03775234;-0.03732346;0.000428882;#NOMBRE!;#NOMBRE!
411;-7.605186;-7.686016;0.08083002;-0.03785263;-0.03741462;0.000438009;#NOMBRE!;#NOMBRE!
412;-7.643089;-7.723476;0.08038742;-0.03795298;-0.03750578;0.000447196;#NOMBRE!;#NOMBRE!
413;-7.681092;-7.761028;0.07993561;-0.03805339;-0.03759695;0.000456441;#NOMBRE!;#NOMBRE!
414;-7.719196;-7.79867;0.07947452;-0.03815385;-0.03768811;0.000465746;#NOMBRE!;#NOMBRE!
415;-7.7574;-7.836404;0.0790041;-0.03825438;-0.03777927;0.00047511;#NOMBRE!;#NOMBRE!
416;-7.795704;-7.874229;0.07852428;-0.03835497;-0.03787044;0.000484534;#NOMBRE!;#NOMBRE!
417;-7.83411;-7.912145;0.07803501;-0.03845562;-0.0379616;0.000494017;#NOMBRE!;#NOMBRE!
418;-7.872616;-7.950152;0.07753623;-0.03855633;-0.03805277;0.000503561;#NOMBRE!;#NOMBRE!
419;-7.911222;-7.98825;0.07702787;-0.0386571;-0.03814394;0.000513165;#NOMBRE!;#NOMBRE!
420;-7.94993;-8.02644;0.07650988;-0.03875793;-0.03823511;0.000522828;#NOMBRE!;#NOMBRE!
421;-7.988738;-8.06472;0.07598219;-0.03885883;-0.03832627;0.000532553;#NOMBRE!;#NOMBRE!
422;-8.027647;-8.103092;0.07544475;-0.03895978;-0.03841745;0.000542337;#NOMBRE!;#NOMBRE!
423;-8.066658;-8.141555;0.0748975;-0.0390608;-0.03850862;0.000552183;#NOMBRE!;#NOMBRE!
424;-8.105769;-8.180109;0.07434037;-0.03916188;-0.03859979;0.000562089;#NOMBRE!;#NOMBRE!
425;-8.144982;-8.218755;0.0737733;-0.03926302;-0.03869096;0.000572056;#NOMBRE!;#NOMBRE!
426;-8.184295;-8.257491;0.07319624;-0.03936422;-0.03878214;0.000582084;#NOMBRE!;#NOMBRE!
427;-8.22371;-8.296319;0.07260911;-0.03946549;-0.03887331;0.000592173;#NOMBRE!;#NOMBRE!
428;-8.263226;-8.335238;0.07201187;-0.03956681;-0.03896449;0.000602324;#NOMBRE!;#NOMBRE!
429;-8.302844;-8.374248;0.07140445;-0.0396682;-0.03905567;0.000612536;#NOMBRE!;#NOMBRE!
430;-8.342563;-8.413349;0.07078678;-0.03976965;-0.03914684;0.00062281;#NOMBRE!;#NOMBRE!
431;-8.382383;-8.452542;0.07015881;-0.03987117;-0.03923802;0.000633145;#NOMBRE!;#NOMBRE!
432;-8.422305;-8.491825;0.06952047;-0.03997275;-0.0393292;0.000643543;#NOMBRE!;#NOMBRE!
433;-8.462328;-8.5312;0.0688717;-0.04007439;-0.03942038;0.000654002;#NOMBRE!;#NOMBRE!
434;-8.502454;-8.570666;0.06821244;-0.04017609;-0.03951157;0.000664524;#NOMBRE!;#NOMBRE!
435;-8.542681;-8.610223;0.06754263;-0.04027786;-0.03960275;0.000675108;#NOMBRE!;#NOMBRE!
436;-8.583009;-8.649872;0.0668622;-0.04037969;-0.03969393;0.000685755;#NOMBRE!;#NOMBRE!
437;-8.62344;-8.689611;0.0661711;-0.04048158;-0.03978512;0.000696464;#NOMBRE!;#NOMBRE!
438;-8.663973;-8.729442;0.06546925;-0.04058354;-0.0398763;0.000707236;#NOMBRE!;#NOMBRE!
439;-8.704607;-8.769364;0.06475661;-0.04068556;-0.03996749;0.000718071;#NOMBRE!;#NOMBRE!
440;-8.745344;-8.809377;0.06403309;-0.04078765;-0.04005868;0.00072897;#NOMBRE!;#NOMBRE!
441;-8.786183;-8.849481;0.06329865;-0.0408898;-0.04014987;0.000739931;#NOMBRE!;#NOMBRE!
442;-8.827123;-8.889677;0.06255321;-0.04099201;-0.04024106;0.000750956;#NOMBRE!;#NOMBRE!
443;-8.868167;-8.929963;0.06179671;-0.04109429;-0.04033225;0.000762044;#NOMBRE!;#NOMBRE!
444;-8.909312;-8.970341;0.0610291;-0.04119664;-0.04042344;0.000773196;#NOMBRE!;#NOMBRE!
445;-8.95056;-9.01081;0.0602503;-0.04129905;-0.04051464;0.000784411;#NOMBRE!;#NOMBRE!
446;-8.99191;-9.05137;0.05946026;-0.04140152;-0.04060583;0.000795691;#NOMBRE!;#NOMBRE!
447;-9.033363;-9.092022;0.0586589;-0.04150406;-0.04069702;0.000807035;#NOMBRE!;#NOMBRE!
448;-9.074918;-9.132764;0.05784616;-0.04160666;-0.04078822;0.000818443;#NOMBRE!;#NOMBRE!
449;-9.116576;-9.173598;0.05702199;-0.04170933;-0.04087942;0.000829915;#NOMBRE!;#NOMBRE!
450;-9.158337;-9.214523;0.05618631;-0.04181207;-0.04097062;0.000841452;#NOMBRE!;#NOMBRE!
451;-9.2002;-9.25554;0.05533907;-0.04191487;-0.04106181;0.000853053;#NOMBRE!;#NOMBRE!
452;-9.242167;-9.296647;0.05448018;-0.04201773;-0.04115301;0.00086472;#NOMBRE!;#NOMBRE!
453;-9.284236;-9.337846;0.0536096;-0.04212067;-0.04124422;0.000876451;#NOMBRE!;#NOMBRE!
454;-9.326408;-9.379135;0.05272726;-0.04222367;-0.04133542;0.000888247;#NOMBRE!;#NOMBRE!
455;-9.368683;-9.420516;0.05183309;-0.04232673;-0.04142662;0.000900109;#NOMBRE!;#NOMBRE!
456;-9.411062;-9.461989;0.05092702;-0.04242986;-0.04151783;0.000912036;#NOMBRE!;#NOMBRE!
457;-9.453543;-9.503552;0.05000899;-0.04253306;-0.04160903;0.000924028;#NOMBRE!;#NOMBRE!
458;-9.496128;-9.545207;0.04907894;-0.04263632;-0.04170024;0.000936087;#NOMBRE!;#NOMBRE!
459;-9.538816;-9.586952;0.0481368;-0.04273966;-0.04179145;0.000948211;#NOMBRE!;#NOMBRE!
460;-9.581607;-9.62879;0.0471825;-0.04284305;-0.04188265;0.000960401;#NOMBRE!;#NOMBRE!
461;-9.624502;-9.670718;0.04621598;-0.04294652;-0.04197386;0.000972657;#NOMBRE!;#NOMBRE!
462;-9.6675;-9.712737;0.04523716;-0.04305005;-0.04206507;0.000984979;#NOMBRE!;#NOMBRE!
463;-9.710602;-9.754848;0.044246;-0.04315365;-0.04215629;0.000997367;#NOMBRE!;#NOMBRE!
464;-9.753807;-9.79705;0.04324241;-0.04325732;-0.0422475;0.001009823;#NOMBRE!;#NOMBRE!
465;-9.797117;-9.839343;0.04222633;-0.04336106;-0.04233871;0.001022344;#NOMBRE!;#NOMBRE!
466;-9.84053;-9.881727;0.0411977;-0.04346486;-0.04242993;0.001034933;#NOMBRE!;#NOMBRE!
467;-9.884046;-9.924203;0.04015644;-0.04356873;-0.04252114;0.001047589;#NOMBRE!;#NOMBRE!
468;-9.927667;-9.96677;0.0391025;-0.04367267;-0.04261236;0.001060311;#NOMBRE!;#NOMBRE!
469;-9.9714 ;-10.0094 ;0.0380 ;-0.0438 ;-0.0427 ;0.0011 ;#NOMBRE!;#NOMBRE!
470;-10.0152 ;-10.0522 ;0.0370 ;-0.0439 ;-0.0428 ;0.0011 ;#NOMBRE!;#NOMBRE!
471;-10.0592 ;-10.0950 ;0.0359 ;-0.0440 ;-0.0429 ;0.0011 ;#NOMBRE!;#NOMBRE!
472;-10.1032 ;-10.1380 ;0.0348 ;-0.0441 ;-0.0430 ;0.0011 ;#NOMBRE!;#NOMBRE!
473;-10.1473 ;-10.1810 ;0.0336 ;-0.0442 ;-0.0431 ;0.0011 ;#NOMBRE!;#NOMBRE!
474;-10.1916 ;-10.2241 ;0.0325 ;-0.0443 ;-0.0432 ;0.0011 ;#NOMBRE!;#NOMBRE!
475;-10.2359 ;-10.2673 ;0.0314 ;-0.0444 ;-0.0433 ;0.0012 ;#NOMBRE!;#NOMBRE!
476;-10.2804 ;-10.3106 ;0.0302 ;-0.0445 ;-0.0433 ;0.0012 ;#NOMBRE!;#NOMBRE!
477;-10.3249 ;-10.3540 ;0.0290 ;-0.0446 ;-0.0434 ;0.0012 ;#NOMBRE!;#NOMBRE!
478;-10.3696 ;-10.3975 ;0.0279 ;-0.0447 ;-0.0435 ;0.0012 ;#NOMBRE!;#NOMBRE!
479;-10.4144 ;-10.4410 ;0.0267 ;-0.0448 ;-0.0436 ;0.0012 ;#NOMBRE!;#NOMBRE!
480;-10.4593 ;-10.4847 ;0.0254 ;-0.0449 ;-0.0437 ;0.0012 ;#NOMBRE!;#NOMBRE!
481;-10.5042 ;-10.5284 ;0.0242 ;-0.0450 ;-0.0438 ;0.0012 ;#NOMBRE!;#NOMBRE!
482;-10.5493 ;-10.5723 ;0.0230 ;-0.0451 ;-0.0439 ;0.0012 ;#NOMBRE!;#NOMBRE!
483;-10.5945 ;-10.6162 ;0.0217 ;-0.0452 ;-0.0440 ;0.0013 ;#NOMBRE!;#NOMBRE!
484;-10.6398 ;-10.6602 ;0.0205 ;-0.0453 ;-0.0441 ;0.0013 ;#NOMBRE!;#NOMBRE!
485;-10.6852 ;-10.7044 ;0.0192 ;-0.0455 ;-0.0442 ;0.0013 ;#NOMBRE!;#NOMBRE!
486;-10.7307 ;-10.7486 ;0.0179 ;-0.0456 ;-0.0443 ;0.0013 ;#NOMBRE!;#NOMBRE!
487;-10.7763 ;-10.7929 ;0.0166 ;-0.0457 ;-0.0443 ;0.0013 ;#NOMBRE!;#NOMBRE!
488;-10.8220 ;-10.8373 ;0.0153 ;-0.0458 ;-0.0444 ;0.0013 ;#NOMBRE!;#NOMBRE!
489;-10.8678 ;-10.8817 ;0.0139 ;-0.0459 ;-0.0445 ;0.0013 ;#NOMBRE!;#NOMBRE!
490;-10.9138 ;-10.9263 ;0.0126 ;-0.0460 ;-0.0446 ;0.0014 ;#NOMBRE!;#NOMBRE!
491;-10.9598 ;-10.9710 ;0.0112 ;-0.0461 ;-0.0447 ;0.0014 ;#NOMBRE!;#NOMBRE!
492;-11.0059 ;-11.0157 ;0.0098 ;-0.0462 ;-0.0448 ;0.0014 ;#NOMBRE!;#NOMBRE!
493;-11.0522 ;-11.0606 ;0.0084 ;-0.0463 ;-0.0449 ;0.0014 ;#NOMBRE!;#NOMBRE!
494;-11.0985 ;-11.1055 ;0.0070 ;-0.0464 ;-0.0450 ;0.0014 ;#NOMBRE!;#NOMBRE!
495;-11.1450 ;-11.1506 ;0.0056 ;-0.0465 ;-0.0451 ;0.0014 ;#NOMBRE!;#NOMBRE!
496;-11.1915 ;-11.1957 ;0.0042 ;-0.0466 ;-0.0452 ;0.0014 ;#NOMBRE!;#NOMBRE!
497;-11.2382 ;-11.2409 ;0.0027 ;-0.0467 ;-0.0453 ;0.0015 ;#NOMBRE!;#NOMBRE!
498;-11.2850 ;-11.2862 ;0.0012 ;-0.0468 ;-0.0453 ;0.0015 ;#NOMBRE!;#NOMBRE!
499;-11.3318 ;-11.3316 ;-0.0002 ;-0.0469 ;-0.0454 ;0.0015 ;#NOMBRE!;#NOMBRE!
500;-11.3788 ;-11.3771 ;-0.0017 ;-0.0470 ;-0.0455 ;0.0015 ;#NOMBRE!;#NOMBRE!
501;-11.4259 ;-11.4227 ;-0.0032 ;-0.0471 ;-0.0456 ;0.0015 ;#NOMBRE!;#NOMBRE!
502;-11.4731 ;-11.4683 ;-0.0048 ;-0.0472 ;-0.0457 ;0.0015 ;#NOMBRE!;#NOMBRE!
503;-11.5204 ;-11.5141 ;-0.0063 ;-0.0474 ;-0.0458 ;0.0015 ;#NOMBRE!;#NOMBRE!
504;-11.5678 ;-11.5599 ;-0.0079 ;-0.0475 ;-0.0459 ;0.0016 ;#NOMBRE!;#NOMBRE!
505;-11.6153 ;-11.6059 ;-0.0094 ;-0.0476 ;-0.0460 ;0.0016 ;#NOMBRE!;#NOMBRE!
506;-11.6629 ;-11.6519 ;-0.0110 ;-0.0477 ;-0.0461 ;0.0016 ;#NOMBRE!;#NOMBRE!
507;-11.7107 ;-11.6980 ;-0.0126 ;-0.0478 ;-0.0462 ;0.0016 ;#NOMBRE!;#NOMBRE!
508;-11.7585 ;-11.7443 ;-0.0142 ;-0.0479 ;-0.0463 ;0.0016 ;#NOMBRE!;#NOMBRE!
509;-11.8064 ;-11.7906 ;-0.0159 ;-0.0480 ;-0.0464 ;0.0016 ;#NOMBRE!;#NOMBRE!
510;-11.8545 ;-11.8370 ;-0.0175 ;-0.0481 ;-0.0464 ;0.0017 ;#NOMBRE!;#NOMBRE!
511;-11.9026 ;-11.8835 ;-0.0192 ;-0.0482 ;-0.0465 ;0.0017 ;#NOMBRE!;#NOMBRE!
512;-11.9509 ;-11.9300 ;-0.0209 ;-0.0483 ;-0.0466 ;0.0017 ;#NOMBRE!;#NOMBRE!
513;-11.9993 ;-11.9767 ;-0.0226 ;-0.0484 ;-0.0467 ;0.0017 ;#NOMBRE!;#NOMBRE!
514;-12.0478 ;-12.0235 ;-0.0243 ;-0.0485 ;-0.0468 ;0.0017 ;#NOMBRE!;#NOMBRE!
515;-12.0963 ;-12.0703 ;-0.0260 ;-0.0486 ;-0.0469 ;0.0017 ;#NOMBRE!;#NOMBRE!
516;-12.1450 ;-12.1173 ;-0.0278 ;-0.0487 ;-0.0470 ;0.0018 ;#NOMBRE!;#NOMBRE!
517;-12.1938 ;-12.1643 ;-0.0295 ;-0.0489 ;-0.0471 ;0.0018 ;#NOMBRE!;#NOMBRE!
518;-12.2427 ;-12.2114 ;-0.0313 ;-0.0490 ;-0.0472 ;0.0018 ;#NOMBRE!;#NOMBRE!
519;-12.2917 ;-12.2587 ;-0.0331 ;-0.0491 ;-0.0473 ;0.0018 ;#NOMBRE!;#NOMBRE!
520;-12.3409 ;-12.3060 ;-0.0349 ;-0.0492 ;-0.0474 ;0.0018 ;#NOMBRE!;#NOMBRE!
521;-12.3901 ;-12.3534 ;-0.0367 ;-0.0493 ;-0.0474 ;0.0018 ;#NOMBRE!;#NOMBRE!
522;-12.4394 ;-12.4009 ;-0.0386 ;-0.0494 ;-0.0475 ;0.0019 ;#NOMBRE!;#NOMBRE!
523;-12.4889 ;-12.4485 ;-0.0404 ;-0.0495 ;-0.0476 ;0.0019 ;#NOMBRE!;#NOMBRE!
524;-12.5384 ;-12.4961 ;-0.0423 ;-0.0496 ;-0.0477 ;0.0019 ;#NOMBRE!;#NOMBRE!
525;-12.5881 ;-12.5439 ;-0.0442 ;-0.0497 ;-0.0478 ;0.0019 ;#NOMBRE!;#NOMBRE!
526;-12.6379 ;-12.5918 ;-0.0461 ;-0.0498 ;-0.0479 ;0.0019 ;#NOMBRE!;#NOMBRE!
527;-12.6877 ;-12.6397 ;-0.0480 ;-0.0499 ;-0.0480 ;0.0019 ;#NOMBRE!;#NOMBRE!
528;-12.7377 ;-12.6877 ;-0.0500 ;-0.0500 ;-0.0481 ;0.0020 ;#NOMBRE!;#NOMBRE!
529;-12.7878 ;-12.7359 ;-0.0519 ;-0.0501 ;-0.0482 ;0.0020 ;#NOMBRE!;#NOMBRE!
530;-12.8380 ;-12.7841 ;-0.0539 ;-0.0503 ;-0.0483 ;0.0020 ;#NOMBRE!;#NOMBRE!
531;-12.8883 ;-12.8324 ;-0.0559 ;-0.0504 ;-0.0484 ;0.0020 ;#NOMBRE!;#NOMBRE!
532;-12.9387 ;-12.8808 ;-0.0579 ;-0.0505 ;-0.0485 ;0.0020 ;#NOMBRE!;#NOMBRE!
533;-12.9893 ;-12.9293 ;-0.0600 ;-0.0506 ;-0.0485 ;0.0020 ;#NOMBRE!;#NOMBRE!
534;-13.0399 ;-12.9779 ;-0.0620 ;-0.0507 ;-0.0486 ;0.0021 ;#NOMBRE!;#NOMBRE!
535;-13.0907 ;-13.0266 ;-0.0641 ;-0.0508 ;-0.0487 ;0.0021 ;#NOMBRE!;#NOMBRE!
536;-13.1415 ;-13.0754 ;-0.0661 ;-0.0509 ;-0.0488 ;0.0021 ;#NOMBRE!;#NOMBRE!
537;-13.1925 ;-13.1242 ;-0.0682 ;-0.0510 ;-0.0489 ;0.0021 ;#NOMBRE!;#NOMBRE!
538;-13.2435 ;-13.1732 ;-0.0704 ;-0.0511 ;-0.0490 ;0.0021 ;#NOMBRE!;#NOMBRE!
539;-13.2947 ;-13.2222 ;-0.0725 ;-0.0512 ;-0.0491 ;0.0021 ;#NOMBRE!;#NOMBRE!
540;-13.3460 ;-13.2714 ;-0.0746 ;-0.0513 ;-0.0492 ;0.0022 ;#NOMBRE!;#NOMBRE!
541;-13.3974 ;-13.3206 ;-0.0768 ;-0.0515 ;-0.0493 ;0.0022 ;#NOMBRE!;#NOMBRE!
542;-13.4489 ;-13.3699 ;-0.0790 ;-0.0516 ;-0.0494 ;0.0022 ;#NOMBRE!;#NOMBRE!
543;-13.5005 ;-13.4193 ;-0.0812 ;-0.0517 ;-0.0495 ;0.0022 ;#NOMBRE!;#NOMBRE!
544;-13.5523 ;-13.4688 ;-0.0834 ;-0.0518 ;-0.0495 ;0.0022 ;#NOMBRE!;#NOMBRE!
545;-13.6041 ;-13.5184 ;-0.0857 ;-0.0519 ;-0.0496 ;0.0023 ;#NOMBRE!;#NOMBRE!
546;-13.6561 ;-13.5681 ;-0.0879 ;-0.0520 ;-0.0497 ;0.0023 ;#NOMBRE!;#NOMBRE!
547;-13.70811;-13.61788;-0.09022742;-0.05211175;-0.04982203;0.002289716;#NOMBRE!;#NOMBRE!
548;-13.76027;-13.66775;-0.09252641;-0.05222162;-0.04991334;0.002308273;#NOMBRE!;#NOMBRE!
549;-13.81255;-13.71771;-0.094844;-0.05233156;-0.05000465;0.002326908;#NOMBRE!;#NOMBRE!
550;-13.86494;-13.76776;-0.09718025;-0.05244159;-0.05009596;0.002345623;#NOMBRE!;#NOMBRE!
551;-13.91743;-13.8179;-0.09953527;-0.05255169;-0.05018728;0.002364416;#NOMBRE!;#NOMBRE!
552;-13.97004;-13.86813;-0.1019091;-0.05266188;-0.05027859;0.002383288;#NOMBRE!;#NOMBRE!
553;-14.02276;-13.91846;-0.1043019;-0.05277215;-0.05036991;0.00240224;#NOMBRE!;#NOMBRE!
554;-14.07559;-13.96887;-0.1067136;-0.05288249;-0.05046122;0.002421271;#NOMBRE!;#NOMBRE!
555;-14.12852;-14.01938;-0.1091444;-0.05299292;-0.05055254;0.002440382;#NOMBRE!;#NOMBRE!
556;-14.18157;-14.06998;-0.1115944;-0.05310343;-0.05064386;0.002459573;#NOMBRE!;#NOMBRE!
557;-14.23473;-14.12067;-0.1140636;-0.05321402;-0.05073518;0.002478843;#NOMBRE!;#NOMBRE!
558;-14.288;-14.17145;-0.1165521;-0.0533247;-0.0508265;0.002498194;#NOMBRE!;#NOMBRE!
559;-14.34138;-14.22232;-0.11906;-0.05343545;-0.05091782;0.002517624;#NOMBRE!;#NOMBRE!
560;-14.39487;-14.27328;-0.1215874;-0.05354628;-0.05100915;0.002537135;#NOMBRE!;#NOMBRE!
561;-14.44847;-14.32434;-0.1241343;-0.0536572;-0.05110047;0.002556727;#NOMBRE!;#NOMBRE!
562;-14.50218;-14.37548;-0.1267009;-0.0537682;-0.0511918;0.002576399;#NOMBRE!;#NOMBRE!
563;-14.55601;-14.42672;-0.1292871;-0.05387928;-0.05128313;0.002596152;#NOMBRE!;#NOMBRE!
564;-14.60994;-14.47805;-0.1318932;-0.05399044;-0.05137446;0.002615986;#NOMBRE!;#NOMBRE!
565;-14.66399;-14.52947;-0.1345191;-0.05410169;-0.05146579;0.0026359;#NOMBRE!;#NOMBRE!
566;-14.71815;-14.58098;-0.137165;-0.05421302;-0.05155712;0.002655896;#NOMBRE!;#NOMBRE!
567;-14.77242;-14.63258;-0.139831;-0.05432443;-0.05164845;0.002675974;#NOMBRE!;#NOMBRE!
568;-14.8268;-14.68428;-0.142517;-0.05443592;-0.05173979;0.002696132;#NOMBRE!;#NOMBRE!
569;-14.88129;-14.73606;-0.1452233;-0.0545475;-0.05183112;0.002716373;#NOMBRE!;#NOMBRE!
570;-14.93589;-14.78794;-0.1479498;-0.05465916;-0.05192246;0.002736695;#NOMBRE!;#NOMBRE!
571;-14.99061;-14.83991;-0.1506967;-0.0547709;-0.0520138;0.002757099;#NOMBRE!;#NOMBRE!
572;-15.04543;-14.89197;-0.153464;-0.05488272;-0.05210514;0.002777585;#NOMBRE!;#NOMBRE!
573;-15.10037;-14.94412;-0.1562519;-0.05499463;-0.05219648;0.002798154;#NOMBRE!;#NOMBRE!
574;-15.15542;-14.99636;-0.1590603;-0.05510663;-0.05228782;0.002818804;#NOMBRE!;#NOMBRE!
575;-15.21058;-15.0487;-0.1618895;-0.0552187;-0.05237916;0.002839537;#NOMBRE!;#NOMBRE!
576;-15.26586;-15.10112;-0.1647394;-0.05533086;-0.05247051;0.002860353;#NOMBRE!;#NOMBRE!
577;-15.32125;-15.15364;-0.1676102;-0.05544311;-0.05256186;0.002881252;#NOMBRE!;#NOMBRE!
578;-15.37675;-15.20624;-0.170502;-0.05555544;-0.0526532;0.002902233;#NOMBRE!;#NOMBRE!
579;-15.43236;-15.25894;-0.1734147;-0.05566785;-0.05274455;0.002923297;#NOMBRE!;#NOMBRE!
580;-15.48808;-15.31173;-0.1763486;-0.05578035;-0.0528359;0.002944445;#NOMBRE!;#NOMBRE!
581;-15.54392;-15.36461;-0.1793037;-0.05589293;-0.05292725;0.002965676;#NOMBRE!;#NOMBRE!
582;-15.59987;-15.41759;-0.18228;-0.0560056;-0.05301861;0.002986991;#NOMBRE!;#NOMBRE!
583;-15.65593;-15.47065;-0.1852777;-0.05611835;-0.05310996;0.003008389;#NOMBRE!;#NOMBRE!
584;-15.7121;-15.52381;-0.1882968;-0.05623119;-0.05320132;0.003029871;#NOMBRE!;#NOMBRE!
585;-15.76839;-15.57705;-0.1913374;-0.05634411;-0.05329267;0.003051436;#NOMBRE!;#NOMBRE!
586;-15.82479;-15.63039;-0.1943997;-0.05645712;-0.05338403;0.003073086;#NOMBRE!;#NOMBRE!
587;-15.88131;-15.68382;-0.1974836;-0.05657021;-0.05347539;0.00309482;#NOMBRE!;#NOMBRE!
588;-15.93793;-15.73734;-0.2005894;-0.05668339;-0.05356675;0.003116639;#NOMBRE!;#NOMBRE!
589;-15.99467;-15.79096;-0.2037169;-0.05679665;-0.05365811;0.003138542;#NOMBRE!;#NOMBRE!
590;-16.05153;-15.84466;-0.2068665;-0.05691;-0.05374948;0.003160529;#NOMBRE!;#NOMBRE!
